batch,sourceset,package,filename,src_path,csv_output,status
1,commonMain,,AbstractAudioSample.kt,src/commonMain/kotlin/AbstractAudioSample.kt,refactor-notes/commonMain/AbstractAudioSample.csv,done
1,commonMain,,AbstractCameraTransform.kt,src/commonMain/kotlin/AbstractCameraTransform.kt,refactor-notes/commonMain/AbstractCameraTransform.csv,done
1,commonMain,,AbstractEffectNode.kt,src/commonMain/kotlin/AbstractEffectNode.kt,refactor-notes/commonMain/AbstractEffectNode.csv,done
1,commonMain,,AbstractGameSocket.kt,src/commonMain/kotlin/AbstractGameSocket.kt,refactor-notes/commonMain/AbstractGameSocket.csv,done
1,commonMain,,AbstractMenuEntry.kt,src/commonMain/kotlin/AbstractMenuEntry.kt,refactor-notes/commonMain/AbstractMenuEntry.csv,done
1,commonMain,,AbstractModel.kt,src/commonMain/kotlin/AbstractModel.kt,refactor-notes/commonMain/AbstractModel.csv,done
1,commonMain,,AbstractModelRenderer.kt,src/commonMain/kotlin/AbstractModelRenderer.kt,refactor-notes/commonMain/AbstractModelRenderer.csv,done
1,commonMain,,AbstractProceduralTextureNode.kt,src/commonMain/kotlin/AbstractProceduralTextureNode.kt,refactor-notes/commonMain/AbstractProceduralTextureNode.csv,done
1,commonMain,,AbstractTileShape.kt,src/commonMain/kotlin/AbstractTileShape.kt,refactor-notes/commonMain/AbstractTileShape.csv,done
1,commonMain,,AnimationFrameDefinition.kt,src/commonMain/kotlin/AnimationFrameDefinition.kt,refactor-notes/commonMain/AnimationFrameDefinition.csv,done
2,commonMain,,ArchiveFileCondition.kt,src/commonMain/kotlin/ArchiveFileCondition.kt,refactor-notes/commonMain/ArchiveFileCondition.csv,done
2,commonMain,,ArrayCopyUtil.kt,src/commonMain/kotlin/ArrayCopyUtil.kt,refactor-notes/commonMain/ArrayCopyUtil.csv,done
2,commonMain,,AudioMixerScheduler.kt,src/commonMain/kotlin/AudioMixerScheduler.kt,refactor-notes/commonMain/AudioMixerScheduler.csv,done
2,commonMain,,AudioStreamNode.kt,src/commonMain/kotlin/AudioStreamNode.kt,refactor-notes/commonMain/AudioStreamNode.csv,done
2,commonMain,,BigInt.kt,src/commonMain/kotlin/BigInt.kt,refactor-notes/commonMain/BigInt.csv,done
2,commonMain,,ByteArrayCodec.kt,src/commonMain/kotlin/ByteArrayCodec.kt,refactor-notes/commonMain/ByteArrayCodec.csv,done
2,commonMain,,ByteArrayPool.kt,src/commonMain/kotlin/ByteArrayPool.kt,refactor-notes/commonMain/ByteArrayPool.csv,done
2,commonMain,,ByteBuffer.kt,src/commonMain/kotlin/ByteBuffer.kt,refactor-notes/commonMain/ByteBuffer.csv,done
2,commonMain,,ByteBufferReader.kt,src/commonMain/kotlin/ByteBufferReader.kt,refactor-notes/commonMain/ByteBufferReader.csv,done
2,commonMain,,ByteStore.kt,src/commonMain/kotlin/ByteStore.kt,refactor-notes/commonMain/ByteStore.csv,done
3,commonMain,,ByteStoreArray.kt,src/commonMain/kotlin/ByteStoreArray.kt,refactor-notes/commonMain/ByteStoreArray.csv,done
3,commonMain,,Bzip2DecoderState.kt,src/commonMain/kotlin/Bzip2DecoderState.kt,refactor-notes/commonMain/Bzip2DecoderState.csv,done
3,commonMain,,CacheEntryReference.kt,src/commonMain/kotlin/CacheEntryReference.kt,refactor-notes/commonMain/CacheEntryReference.csv,done
3,commonMain,,CacheLruCache.kt,src/commonMain/kotlin/CacheLruCache.kt,refactor-notes/commonMain/CacheLruCache.csv,done
3,commonMain,,CameraMarker.kt,src/commonMain/kotlin/CameraMarker.kt,refactor-notes/commonMain/CameraMarker.csv,done
3,commonMain,,CharStreamReader.kt,src/commonMain/kotlin/CharStreamReader.kt,refactor-notes/commonMain/CharStreamReader.csv,done
3,commonMain,,CircleHitbox.kt,src/commonMain/kotlin/CircleHitbox.kt,refactor-notes/commonMain/CircleHitbox.csv,done
3,commonMain,,ClientGameLoopNode.kt,src/commonMain/kotlin/ClientGameLoopNode.kt,refactor-notes/commonMain/ClientGameLoopNode.csv,done
3,commonMain,,Clock.kt,src/commonMain/kotlin/Clock.kt,refactor-notes/commonMain/Clock.csv,done
3,commonMain,,CollisionFlagQuery.kt,src/commonMain/kotlin/CollisionFlagQuery.kt,refactor-notes/commonMain/CollisionFlagQuery.csv,done
4,commonMain,,CompressedBlockDecoder.kt,src/commonMain/kotlin/CompressedBlockDecoder.kt,refactor-notes/commonMain/CompressedBlockDecoder.csv,done
4,commonMain,,ConfigTypeProvider.kt,src/commonMain/kotlin/ConfigTypeProvider.kt,refactor-notes/commonMain/ConfigTypeProvider.csv,done
4,commonMain,,CursorController.kt,src/commonMain/kotlin/CursorController.kt,refactor-notes/commonMain/CursorController.csv,done
4,commonMain,,CutsceneSequenceData.kt,src/commonMain/kotlin/CutsceneSequenceData.kt,refactor-notes/commonMain/CutsceneSequenceData.csv,done
4,commonMain,,Disposable.kt,src/commonMain/kotlin/Disposable.kt,refactor-notes/commonMain/Disposable.csv,done
4,commonMain,,DrawListState.kt,src/commonMain/kotlin/DrawListState.kt,refactor-notes/commonMain/DrawListState.csv,done
4,commonMain,,FontMetaRef.kt,src/commonMain/kotlin/FontMetaRef.kt,refactor-notes/commonMain/FontMetaRef.csv,done
4,commonMain,,GrowableStringList.kt,src/commonMain/kotlin/GrowableStringList.kt,refactor-notes/commonMain/GrowableStringList.csv,done
4,commonMain,,GzipDecompressor.kt,src/commonMain/kotlin/GzipDecompressor.kt,refactor-notes/commonMain/GzipDecompressor.csv,done
4,commonMain,,HardCacheEntryReference.kt,src/commonMain/kotlin/HardCacheEntryReference.kt,refactor-notes/commonMain/HardCacheEntryReference.csv,done
5,commonMain,,HashLinkedListNode.kt,src/commonMain/kotlin/HashLinkedListNode.kt,refactor-notes/commonMain/HashLinkedListNode.csv,done
5,commonMain,,HashTableContainer.kt,src/commonMain/kotlin/HashTableContainer.kt,refactor-notes/commonMain/HashTableContainer.csv,done
5,commonMain,,Hashtable.kt,src/commonMain/kotlin/Hashtable.kt,refactor-notes/commonMain/Hashtable.csv,done
5,commonMain,,HslColorTableNode.kt,src/commonMain/kotlin/HslColorTableNode.kt,refactor-notes/commonMain/HslColorTableNode.csv,done
5,commonMain,,ImageFrameCache.kt,src/commonMain/kotlin/ImageFrameCache.kt,refactor-notes/commonMain/ImageFrameCache.csv,done
5,commonMain,,InboundPacketHeader.kt,src/commonMain/kotlin/InboundPacketHeader.kt,refactor-notes/commonMain/InboundPacketHeader.csv,done
5,commonMain,,IndexedDisposable.kt,src/commonMain/kotlin/IndexedDisposable.kt,refactor-notes/commonMain/IndexedDisposable.csv,done
5,commonMain,,Inflate.kt,src/commonMain/kotlin/Inflate.kt,refactor-notes/commonMain/Inflate.csv,done
5,commonMain,,IntHashSet.kt,src/commonMain/kotlin/IntHashSet.kt,refactor-notes/commonMain/IntHashSet.csv,done
5,commonMain,,IntKeyNode.kt,src/commonMain/kotlin/IntKeyNode.kt,refactor-notes/commonMain/IntKeyNode.csv,done
6,commonMain,,Js5Archive.kt,src/commonMain/kotlin/Js5Archive.kt,refactor-notes/commonMain/Js5Archive.csv,done
6,commonMain,,KeyedComparable.kt,src/commonMain/kotlin/KeyedComparable.kt,refactor-notes/commonMain/KeyedComparable.csv,done
6,commonMain,,Lifecycle.kt,src/commonMain/kotlin/Lifecycle.kt,refactor-notes/commonMain/Lifecycle.csv,done
6,commonMain,,LinkedListNode.kt,src/commonMain/kotlin/LinkedListNode.kt,refactor-notes/commonMain/LinkedListNode.csv,done
6,commonMain,,LinkedNodeListIterator.kt,src/commonMain/kotlin/LinkedNodeListIterator.kt,refactor-notes/commonMain/LinkedNodeListIterator.csv,done
6,commonMain,,LocalizedText.kt,src/commonMain/kotlin/LocalizedText.kt,refactor-notes/commonMain/LocalizedText.csv,done
6,commonMain,,Lock.kt,src/commonMain/kotlin/Lock.kt,refactor-notes/commonMain/Lock.csv,done
6,commonMain,,LruByteCache.kt,src/commonMain/kotlin/LruByteCache.kt,refactor-notes/commonMain/LruByteCache.csv,done
6,commonMain,,Marker.kt,src/commonMain/kotlin/Marker.kt,refactor-notes/commonMain/Marker.csv,done
6,commonMain,,ModelDefinition.kt,src/commonMain/kotlin/ModelDefinition.kt,refactor-notes/commonMain/ModelDefinition.csv,done
7,commonMain,,ModelFacePriorityNode.kt,src/commonMain/kotlin/ModelFacePriorityNode.kt,refactor-notes/commonMain/ModelFacePriorityNode.csv,done
7,commonMain,,MovementDirection.kt,src/commonMain/kotlin/MovementDirection.kt,refactor-notes/commonMain/MovementDirection.csv,done
7,commonMain,,NamedConstraint.kt,src/commonMain/kotlin/NamedConstraint.kt,refactor-notes/commonMain/NamedConstraint.csv,done
7,commonMain,,NodeDeque.kt,src/commonMain/kotlin/NodeDeque.kt,refactor-notes/commonMain/NodeDeque.csv,done
7,commonMain,,NpcAppearanceFlags.kt,src/commonMain/kotlin/NpcAppearanceFlags.kt,refactor-notes/commonMain/NpcAppearanceFlags.csv,done
7,commonMain,,NpcModelTransform.kt,src/commonMain/kotlin/NpcModelTransform.kt,refactor-notes/commonMain/NpcModelTransform.csv,done
7,commonMain,,ParticleEmitterFactory.kt,src/commonMain/kotlin/ParticleEmitterFactory.kt,refactor-notes/commonMain/ParticleEmitterFactory.csv,done
7,commonMain,,ProjectileFactory.kt,src/commonMain/kotlin/ProjectileFactory.kt,refactor-notes/commonMain/ProjectileFactory.csv,done
7,commonMain,,RectangleBounds.kt,src/commonMain/kotlin/RectangleBounds.kt,refactor-notes/commonMain/RectangleBounds.csv,done
7,commonMain,,RectangleRegion.kt,src/commonMain/kotlin/RectangleRegion.kt,refactor-notes/commonMain/RectangleRegion.csv,done
8,commonMain,,RenderConfig.kt,src/commonMain/kotlin/RenderConfig.kt,refactor-notes/commonMain/RenderConfig.csv,done
8,commonMain,,RenderNode.kt,src/commonMain/kotlin/RenderNode.kt,refactor-notes/commonMain/RenderNode.csv,done
8,commonMain,,Renderable.kt,src/commonMain/kotlin/Renderable.kt,refactor-notes/commonMain/Renderable.csv,done
8,commonMain,,Renderable2dTexture.kt,src/commonMain/kotlin/Renderable2dTexture.kt,refactor-notes/commonMain/Renderable2dTexture.csv,done
8,commonMain,,Renderable3dTexture.kt,src/commonMain/kotlin/Renderable3dTexture.kt,refactor-notes/commonMain/Renderable3dTexture.csv,done
8,commonMain,,RenderableCubeTexture.kt,src/commonMain/kotlin/RenderableCubeTexture.kt,refactor-notes/commonMain/RenderableCubeTexture.csv,done
8,commonMain,,RendererType.kt,src/commonMain/kotlin/RendererType.kt,refactor-notes/commonMain/RendererType.csv,done
8,commonMain,,ResourceProvider.kt,src/commonMain/kotlin/ResourceProvider.kt,refactor-notes/commonMain/ResourceProvider.csv,done
8,commonMain,,RgbColorPalette.kt,src/commonMain/kotlin/RgbColorPalette.kt,refactor-notes/commonMain/RgbColorPalette.csv,done
8,commonMain,,ScaledParticleEmitter.kt,src/commonMain/kotlin/ScaledParticleEmitter.kt,refactor-notes/commonMain/ScaledParticleEmitter.csv,done
9,commonMain,,SceneLinkedListNode.kt,src/commonMain/kotlin/SceneLinkedListNode.kt,refactor-notes/commonMain/SceneLinkedListNode.csv,done
9,commonMain,,SceneOcculder.kt,src/commonMain/kotlin/SceneOcculder.kt,refactor-notes/commonMain/SceneOcculder.csv,done
9,commonMain,,SceneProjector.kt,src/commonMain/kotlin/SceneProjector.kt,refactor-notes/commonMain/SceneProjector.csv,done
9,commonMain,,SizedResource.kt,src/commonMain/kotlin/SizedResource.kt,refactor-notes/commonMain/SizedResource.csv,done
9,commonMain,,SoftCacheEntryReference.kt,src/commonMain/kotlin/SoftCacheEntryReference.kt,refactor-notes/commonMain/SoftCacheEntryReference.csv,done
9,commonMain,,SoftRef.kt,src/commonMain/kotlin/SoftRef.kt,refactor-notes/commonMain/SoftRef.csv,done
9,commonMain,,SpotAnimDefCache.kt,src/commonMain/kotlin/SpotAnimDefCache.kt,refactor-notes/commonMain/SpotAnimDefCache.csv,done
9,commonMain,,SpotAnimDefinition.kt,src/commonMain/kotlin/SpotAnimDefinition.kt,refactor-notes/commonMain/SpotAnimDefinition.csv,done
9,commonMain,,SpotAnimVector.kt,src/commonMain/kotlin/SpotAnimVector.kt,refactor-notes/commonMain/SpotAnimVector.csv,done
9,commonMain,,Sprite.kt,src/commonMain/kotlin/Sprite.kt,refactor-notes/commonMain/Sprite.csv,done
10,commonMain,,SpriteDrawTarget.kt,src/commonMain/kotlin/SpriteDrawTarget.kt,refactor-notes/commonMain/SpriteDrawTarget.csv,done
10,commonMain,,SpriteSheetCache.kt,src/commonMain/kotlin/SpriteSheetCache.kt,refactor-notes/commonMain/SpriteSheetCache.csv,done
10,commonMain,,StagedInitializer.kt,src/commonMain/kotlin/StagedInitializer.kt,refactor-notes/commonMain/StagedInitializer.csv,done
10,commonMain,,TerrainTile.kt,src/commonMain/kotlin/TerrainTile.kt,refactor-notes/commonMain/TerrainTile.csv,done
10,commonMain,,TextFormatter.kt,src/commonMain/kotlin/TextFormatter.kt,refactor-notes/commonMain/TextFormatter.csv,done
10,commonMain,,TextureFormatInfo.kt,src/commonMain/kotlin/TextureFormatInfo.kt,refactor-notes/commonMain/TextureFormatInfo.csv,done
10,commonMain,,TextureLoadException.kt,src/commonMain/kotlin/TextureLoadException.kt,refactor-notes/commonMain/TextureLoadException.csv,done
10,commonMain,,TextureMaterialGroup.kt,src/commonMain/kotlin/TextureMaterialGroup.kt,refactor-notes/commonMain/TextureMaterialGroup.csv,done
10,commonMain,,UnusedToStringStub.kt,src/commonMain/kotlin/UnusedToStringStub.kt,refactor-notes/commonMain/UnusedToStringStub.csv,done
10,commonMain,,VarResolver.kt,src/commonMain/kotlin/VarResolver.kt,refactor-notes/commonMain/VarResolver.csv,done
11,commonMain,,WhirlpoolHash.kt,src/commonMain/kotlin/WhirlpoolHash.kt,refactor-notes/commonMain/WhirlpoolHash.csv,done
11,commonMain,,WidgetRedrawRegion.kt,src/commonMain/kotlin/WidgetRedrawRegion.kt,refactor-notes/commonMain/WidgetRedrawRegion.csv,done
11,jvmMain,,AbstractBloomEffect.kt,src/jvmMain/kotlin/AbstractBloomEffect.kt,refactor-notes/jvmMain/AbstractBloomEffect.csv,done
11,jvmMain,,AbstractCameraTransformStatics.kt,src/jvmMain/kotlin/AbstractCameraTransformStatics.kt,refactor-notes/jvmMain/AbstractCameraTransformStatics.csv,done
11,jvmMain,,AbstractFrameBufferSurface.kt,src/jvmMain/kotlin/AbstractFrameBufferSurface.kt,refactor-notes/jvmMain/AbstractFrameBufferSurface.csv,done
11,jvmMain,,AbstractGameSocketStatics.kt,src/jvmMain/kotlin/AbstractGameSocketStatics.kt,refactor-notes/jvmMain/AbstractGameSocketStatics.csv,done
11,jvmMain,,AbstractMenuEntryStatics.kt,src/jvmMain/kotlin/AbstractMenuEntryStatics.kt,refactor-notes/jvmMain/AbstractMenuEntryStatics.csv,done
11,jvmMain,,AbstractRenderPass.kt,src/jvmMain/kotlin/AbstractRenderPass.kt,refactor-notes/jvmMain/AbstractRenderPass.csv,done
11,jvmMain,,AbstractTileShapeStatics.kt,src/jvmMain/kotlin/AbstractTileShapeStatics.kt,refactor-notes/jvmMain/AbstractTileShapeStatics.csv,done
11,jvmMain,,ActiveMapRegion.kt,src/jvmMain/kotlin/ActiveMapRegion.kt,refactor-notes/jvmMain/ActiveMapRegion.csv,done
12,jvmMain,,ActorEntity.kt,src/jvmMain/kotlin/ActorEntity.kt,refactor-notes/jvmMain/ActorEntity.csv,done
12,jvmMain,,AnimatedModelRenderer.kt,src/jvmMain/kotlin/AnimatedModelRenderer.kt,refactor-notes/jvmMain/AnimatedModelRenderer.csv,done
12,jvmMain,,AnimationFrameState.kt,src/jvmMain/kotlin/AnimationFrameState.kt,refactor-notes/jvmMain/AnimationFrameState.csv,done
12,jvmMain,,AnimationFrameTable.kt,src/jvmMain/kotlin/AnimationFrameTable.kt,refactor-notes/jvmMain/AnimationFrameTable.csv,done
12,jvmMain,,AntialiasOptionState.kt,src/jvmMain/kotlin/AntialiasOptionState.kt,refactor-notes/jvmMain/AntialiasOptionState.csv,done
12,jvmMain,,ArbFogMaterialPass.kt,src/jvmMain/kotlin/ArbFogMaterialPass.kt,refactor-notes/jvmMain/ArbFogMaterialPass.csv,done
12,jvmMain,,ArbVertexProgram.kt,src/jvmMain/kotlin/ArbVertexProgram.kt,refactor-notes/jvmMain/ArbVertexProgram.csv,done
12,jvmMain,,ArchiveFileConditionWrapper.kt,src/jvmMain/kotlin/ArchiveFileConditionWrapper.kt,refactor-notes/jvmMain/ArchiveFileConditionWrapper.csv,done
12,jvmMain,,ArchiveResourceProvider.kt,src/jvmMain/kotlin/ArchiveResourceProvider.kt,refactor-notes/jvmMain/ArchiveResourceProvider.csv,done
12,jvmMain,,AsyncResourceRequest.kt,src/jvmMain/kotlin/AsyncResourceRequest.kt,refactor-notes/jvmMain/AsyncResourceRequest.csv,done
13,jvmMain,,AsyncTaskHandle.kt,src/jvmMain/kotlin/AsyncTaskHandle.kt,refactor-notes/jvmMain/AsyncTaskHandle.csv,done
13,jvmMain,,AudioClipDefinition.kt,src/jvmMain/kotlin/AudioClipDefinition.kt,refactor-notes/jvmMain/AudioClipDefinition.csv,done
13,jvmMain,,AudioDeviceController.kt,src/jvmMain/kotlin/AudioDeviceController.kt,refactor-notes/jvmMain/AudioDeviceController.csv,done
13,jvmMain,,AudioResampler.kt,src/jvmMain/kotlin/AudioResampler.kt,refactor-notes/jvmMain/AudioResampler.csv,done
13,jvmMain,,AwtKeyboardListener.kt,src/jvmMain/kotlin/AwtKeyboardListener.kt,refactor-notes/jvmMain/AwtKeyboardListener.csv,done
13,jvmMain,,BackgroundWorkerThread.kt,src/jvmMain/kotlin/BackgroundWorkerThread.kt,refactor-notes/jvmMain/BackgroundWorkerThread.csv,done
13,jvmMain,,BasicGlRenderPass.kt,src/jvmMain/kotlin/BasicGlRenderPass.kt,refactor-notes/jvmMain/BasicGlRenderPass.csv,done
13,jvmMain,,BinaryBitReader.kt,src/jvmMain/kotlin/BinaryBitReader.kt,refactor-notes/jvmMain/BinaryBitReader.csv,done
13,jvmMain,,BinaryGraphicsOptionState.kt,src/jvmMain/kotlin/BinaryGraphicsOptionState.kt,refactor-notes/jvmMain/BinaryGraphicsOptionState.csv,done
13,jvmMain,,BlankTextureNode.kt,src/jvmMain/kotlin/BlankTextureNode.kt,refactor-notes/jvmMain/BlankTextureNode.csv,done
14,jvmMain,,BlendTextureNode.kt,src/jvmMain/kotlin/BlendTextureNode.kt,refactor-notes/jvmMain/BlendTextureNode.csv,done
14,jvmMain,,BloomGraphicsOptionState.kt,src/jvmMain/kotlin/BloomGraphicsOptionState.kt,refactor-notes/jvmMain/BloomGraphicsOptionState.csv,done
14,jvmMain,,BooleanGraphicsOptionState.kt,src/jvmMain/kotlin/BooleanGraphicsOptionState.kt,refactor-notes/jvmMain/BooleanGraphicsOptionState.csv,done
14,jvmMain,,BoundingBoxNode.kt,src/jvmMain/kotlin/BoundingBoxNode.kt,refactor-notes/jvmMain/BoundingBoxNode.csv,done
14,jvmMain,,BoundsConstraintEntry.kt,src/jvmMain/kotlin/BoundsConstraintEntry.kt,refactor-notes/jvmMain/BoundsConstraintEntry.csv,done
14,jvmMain,,BoxBlurTextureNode.kt,src/jvmMain/kotlin/BoxBlurTextureNode.kt,refactor-notes/jvmMain/BoxBlurTextureNode.csv,done
14,jvmMain,,BoxedIntHolder.kt,src/jvmMain/kotlin/BoxedIntHolder.kt,refactor-notes/jvmMain/BoxedIntHolder.csv,done
14,jvmMain,,BrightnessContrastEffect.kt,src/jvmMain/kotlin/BrightnessContrastEffect.kt,refactor-notes/jvmMain/BrightnessContrastEffect.csv,done
14,jvmMain,,BrightnessOptionState.kt,src/jvmMain/kotlin/BrightnessOptionState.kt,refactor-notes/jvmMain/BrightnessOptionState.csv,done
14,jvmMain,,BrightnessTextureNode.kt,src/jvmMain/kotlin/BrightnessTextureNode.kt,refactor-notes/jvmMain/BrightnessTextureNode.csv,done
15,jvmMain,,BufferPositionTracker.kt,src/jvmMain/kotlin/BufferPositionTracker.kt,refactor-notes/jvmMain/BufferPositionTracker.csv,done
15,jvmMain,,BufferToggleState.kt,src/jvmMain/kotlin/BufferToggleState.kt,refactor-notes/jvmMain/BufferToggleState.csv,done
15,jvmMain,,BufferedFileReader.kt,src/jvmMain/kotlin/BufferedFileReader.kt,refactor-notes/jvmMain/BufferedFileReader.csv,done
15,jvmMain,,BufferedImageSurface.kt,src/jvmMain/kotlin/BufferedImageSurface.kt,refactor-notes/jvmMain/BufferedImageSurface.csv,done
15,jvmMain,,BufferedMessageQueue.kt,src/jvmMain/kotlin/BufferedMessageQueue.kt,refactor-notes/jvmMain/BufferedMessageQueue.csv,done
15,jvmMain,,BufferedOutputStreamWorker.kt,src/jvmMain/kotlin/BufferedOutputStreamWorker.kt,refactor-notes/jvmMain/BufferedOutputStreamWorker.csv,done
15,jvmMain,,BufferedRandomAccessFile.kt,src/jvmMain/kotlin/BufferedRandomAccessFile.kt,refactor-notes/jvmMain/BufferedRandomAccessFile.csv,done
15,jvmMain,,ByteBufferStatics.kt,src/jvmMain/kotlin/ByteBufferStatics.kt,refactor-notes/jvmMain/ByteBufferStatics.csv,done
15,jvmMain,,CacheArchiveIndex.kt,src/jvmMain/kotlin/CacheArchiveIndex.kt,refactor-notes/jvmMain/CacheArchiveIndex.csv,done
15,jvmMain,,CacheArchiveIndexLoader.kt,src/jvmMain/kotlin/CacheArchiveIndexLoader.kt,refactor-notes/jvmMain/CacheArchiveIndexLoader.csv,done
16,jvmMain,,CacheIndexManager.kt,src/jvmMain/kotlin/CacheIndexManager.kt,refactor-notes/jvmMain/CacheIndexManager.csv,done
16,jvmMain,,CacheStateResetter.kt,src/jvmMain/kotlin/CacheStateResetter.kt,refactor-notes/jvmMain/CacheStateResetter.csv,done
16,jvmMain,,CachedRgbNoiseTexture.kt,src/jvmMain/kotlin/CachedRgbNoiseTexture.kt,refactor-notes/jvmMain/CachedRgbNoiseTexture.csv,done
16,jvmMain,,CalendarUtil.kt,src/jvmMain/kotlin/CalendarUtil.kt,refactor-notes/jvmMain/CalendarUtil.csv,done
16,jvmMain,,CameraConfigDefinition.kt,src/jvmMain/kotlin/CameraConfigDefinition.kt,refactor-notes/jvmMain/CameraConfigDefinition.csv,done
16,jvmMain,,CameraDistanceOptionState.kt,src/jvmMain/kotlin/CameraDistanceOptionState.kt,refactor-notes/jvmMain/CameraDistanceOptionState.csv,done
16,jvmMain,,CameraNodeList.kt,src/jvmMain/kotlin/CameraNodeList.kt,refactor-notes/jvmMain/CameraNodeList.csv,done
16,jvmMain,,CameraOrModelTransform.kt,src/jvmMain/kotlin/CameraOrModelTransform.kt,refactor-notes/jvmMain/CameraOrModelTransform.csv,done
16,jvmMain,,CameraRotationStub.kt,src/jvmMain/kotlin/CameraRotationStub.kt,refactor-notes/jvmMain/CameraRotationStub.csv,done
16,jvmMain,,CameraSplineNode.kt,src/jvmMain/kotlin/CameraSplineNode.kt,refactor-notes/jvmMain/CameraSplineNode.csv,done
17,jvmMain,,CellNoiseTextureNode.kt,src/jvmMain/kotlin/CellNoiseTextureNode.kt,refactor-notes/jvmMain/CellNoiseTextureNode.csv,done
17,jvmMain,,CharCodeMap.kt,src/jvmMain/kotlin/CharCodeMap.kt,refactor-notes/jvmMain/CharCodeMap.csv,done
17,jvmMain,,CharCountUtil.kt,src/jvmMain/kotlin/CharCountUtil.kt,refactor-notes/jvmMain/CharCountUtil.csv,done
17,jvmMain,,CharacterRenderState.kt,src/jvmMain/kotlin/CharacterRenderState.kt,refactor-notes/jvmMain/CharacterRenderState.csv,done
17,jvmMain,,ChatCommandProcessor.kt,src/jvmMain/kotlin/ChatCommandProcessor.kt,refactor-notes/jvmMain/ChatCommandProcessor.csv,done
17,jvmMain,,ChatEffectsOptionState.kt,src/jvmMain/kotlin/ChatEffectsOptionState.kt,refactor-notes/jvmMain/ChatEffectsOptionState.csv,done
17,jvmMain,,ChatMessageStream.kt,src/jvmMain/kotlin/ChatMessageStream.kt,refactor-notes/jvmMain/ChatMessageStream.csv,done
17,jvmMain,,ChatScriptListNode.kt,src/jvmMain/kotlin/ChatScriptListNode.kt,refactor-notes/jvmMain/ChatScriptListNode.csv,done
17,jvmMain,,CipheredPacketBuffer.kt,src/jvmMain/kotlin/CipheredPacketBuffer.kt,refactor-notes/jvmMain/CipheredPacketBuffer.csv,done
17,jvmMain,,CircleDrawer.kt,src/jvmMain/kotlin/CircleDrawer.kt,refactor-notes/jvmMain/CircleDrawer.csv,done
18,jvmMain,,CircleRasterizer.kt,src/jvmMain/kotlin/CircleRasterizer.kt,refactor-notes/jvmMain/CircleRasterizer.csv,done
18,jvmMain,,ClampTextureNode.kt,src/jvmMain/kotlin/ClampTextureNode.kt,refactor-notes/jvmMain/ClampTextureNode.csv,done
18,jvmMain,,ClanChatRequestSender.kt,src/jvmMain/kotlin/ClanChatRequestSender.kt,refactor-notes/jvmMain/ClanChatRequestSender.csv,done
18,jvmMain,,ClickFeedbackTask.kt,src/jvmMain/kotlin/ClickFeedbackTask.kt,refactor-notes/jvmMain/ClickFeedbackTask.csv,done
18,jvmMain,,Client.kt,src/jvmMain/kotlin/Client.kt,refactor-notes/jvmMain/Client.csv,done
18,jvmMain,,ClientException.kt,src/jvmMain/kotlin/ClientException.kt,refactor-notes/jvmMain/ClientException.csv,done
18,jvmMain,,ClientLoadStateMachine.kt,src/jvmMain/kotlin/ClientLoadStateMachine.kt,refactor-notes/jvmMain/ClientLoadStateMachine.csv,done
18,jvmMain,,ClientMachineInfo.kt,src/jvmMain/kotlin/ClientMachineInfo.kt,refactor-notes/jvmMain/ClientMachineInfo.csv,done
18,jvmMain,,Clock.jvm.kt,src/jvmMain/kotlin/Clock.jvm.kt,refactor-notes/jvmMain/Clock.jvm.csv,done
18,jvmMain,,CollisionMap.kt,src/jvmMain/kotlin/CollisionMap.kt,refactor-notes/jvmMain/CollisionMap.csv,done
19,jvmMain,,CollisionMapAccessor.kt,src/jvmMain/kotlin/CollisionMapAccessor.kt,refactor-notes/jvmMain/CollisionMapAccessor.csv,done
19,jvmMain,,CollisionMapRegion.kt,src/jvmMain/kotlin/CollisionMapRegion.kt,refactor-notes/jvmMain/CollisionMapRegion.csv,done
19,jvmMain,,ColorThresholdEffect.kt,src/jvmMain/kotlin/ColorThresholdEffect.kt,refactor-notes/jvmMain/ColorThresholdEffect.csv,done
19,jvmMain,,ColourAdjustment.kt,src/jvmMain/kotlin/ColourAdjustment.kt,refactor-notes/jvmMain/ColourAdjustment.csv,done
19,jvmMain,,ColourKeyTextureNode.kt,src/jvmMain/kotlin/ColourKeyTextureNode.kt,refactor-notes/jvmMain/ColourKeyTextureNode.csv,done
19,jvmMain,,CombineTextureNode.kt,src/jvmMain/kotlin/CombineTextureNode.kt,refactor-notes/jvmMain/CombineTextureNode.csv,done
19,jvmMain,,CompassSmoother.kt,src/jvmMain/kotlin/CompassSmoother.kt,refactor-notes/jvmMain/CompassSmoother.csv,done
19,jvmMain,,CompiledScriptCache.kt,src/jvmMain/kotlin/CompiledScriptCache.kt,refactor-notes/jvmMain/CompiledScriptCache.csv,done
19,jvmMain,,CompletedResourceRequest.kt,src/jvmMain/kotlin/CompletedResourceRequest.kt,refactor-notes/jvmMain/CompletedResourceRequest.csv,done
19,jvmMain,,CompositeNpcModelBuilder.kt,src/jvmMain/kotlin/CompositeNpcModelBuilder.kt,refactor-notes/jvmMain/CompositeNpcModelBuilder.csv,done
20,jvmMain,,CompositeRgbNoiseTexture.kt,src/jvmMain/kotlin/CompositeRgbNoiseTexture.kt,refactor-notes/jvmMain/CompositeRgbNoiseTexture.csv,done
20,jvmMain,,ConfigArchiveLoader.kt,src/jvmMain/kotlin/ConfigArchiveLoader.kt,refactor-notes/jvmMain/ConfigArchiveLoader.csv,done
20,jvmMain,,ConfigDefinitionLoader.kt,src/jvmMain/kotlin/ConfigDefinitionLoader.kt,refactor-notes/jvmMain/ConfigDefinitionLoader.csv,done
20,jvmMain,,ConfigFlagUtil.kt,src/jvmMain/kotlin/ConfigFlagUtil.kt,refactor-notes/jvmMain/ConfigFlagUtil.csv,done
20,jvmMain,,ConfigIdPair.kt,src/jvmMain/kotlin/ConfigIdPair.kt,refactor-notes/jvmMain/ConfigIdPair.csv,done
20,jvmMain,,ConfigShortValueNode.kt,src/jvmMain/kotlin/ConfigShortValueNode.kt,refactor-notes/jvmMain/ConfigShortValueNode.csv,done
20,jvmMain,,ConfigValueProvider.kt,src/jvmMain/kotlin/ConfigValueProvider.kt,refactor-notes/jvmMain/ConfigValueProvider.csv,done
20,jvmMain,,ConfigVarProgress.kt,src/jvmMain/kotlin/ConfigVarProgress.kt,refactor-notes/jvmMain/ConfigVarProgress.csv,done
20,jvmMain,,ConnectionStateRefs.kt,src/jvmMain/kotlin/ConnectionStateRefs.kt,refactor-notes/jvmMain/ConnectionStateRefs.csv,done
20,jvmMain,,ConnectionStateType.kt,src/jvmMain/kotlin/ConnectionStateType.kt,refactor-notes/jvmMain/ConnectionStateType.csv,done
21,jvmMain,,ConstantColourTextureNode.kt,src/jvmMain/kotlin/ConstantColourTextureNode.kt,refactor-notes/jvmMain/ConstantColourTextureNode.csv,done
21,jvmMain,,ContactEntry.kt,src/jvmMain/kotlin/ContactEntry.kt,refactor-notes/jvmMain/ContactEntry.csv,done
21,jvmMain,,ContactList.kt,src/jvmMain/kotlin/ContactList.kt,refactor-notes/jvmMain/ContactList.csv,done
21,jvmMain,,Crc64Hashable.kt,src/jvmMain/kotlin/Crc64Hashable.kt,refactor-notes/jvmMain/Crc64Hashable.csv,done
21,jvmMain,,CubeMapMaterialPass.kt,src/jvmMain/kotlin/CubeMapMaterialPass.kt,refactor-notes/jvmMain/CubeMapMaterialPass.csv,done
21,jvmMain,,CubemapTexture2dSource.kt,src/jvmMain/kotlin/CubemapTexture2dSource.kt,refactor-notes/jvmMain/CubemapTexture2dSource.csv,done
21,jvmMain,,CubemapTextureFactory.kt,src/jvmMain/kotlin/CubemapTextureFactory.kt,refactor-notes/jvmMain/CubemapTextureFactory.csv,done
21,jvmMain,,CubemapTextureGlSource.kt,src/jvmMain/kotlin/CubemapTextureGlSource.kt,refactor-notes/jvmMain/CubemapTextureGlSource.csv,done
21,jvmMain,,CubemapTextureImplSource.kt,src/jvmMain/kotlin/CubemapTextureImplSource.kt,refactor-notes/jvmMain/CubemapTextureImplSource.csv,done
21,jvmMain,,CurveTextureNode.kt,src/jvmMain/kotlin/CurveTextureNode.kt,refactor-notes/jvmMain/CurveTextureNode.csv,done
22,jvmMain,,CustomCursorsOptionState.kt,src/jvmMain/kotlin/CustomCursorsOptionState.kt,refactor-notes/jvmMain/CustomCursorsOptionState.csv,done
22,jvmMain,,D3DBaseTexture.kt,src/jvmMain/kotlin/D3DBaseTexture.kt,refactor-notes/jvmMain/D3DBaseTexture.csv,done
22,jvmMain,,D3DCubeTexture.kt,src/jvmMain/kotlin/D3DCubeTexture.kt,refactor-notes/jvmMain/D3DCubeTexture.csv,done
22,jvmMain,,D3DTexture2D.kt,src/jvmMain/kotlin/D3DTexture2D.kt,refactor-notes/jvmMain/D3DTexture2D.csv,done
22,jvmMain,,D3DVolumeTexture.kt,src/jvmMain/kotlin/D3DVolumeTexture.kt,refactor-notes/jvmMain/D3DVolumeTexture.csv,done
22,jvmMain,,D3dEnvMappedWaterPass.kt,src/jvmMain/kotlin/D3dEnvMappedWaterPass.kt,refactor-notes/jvmMain/D3dEnvMappedWaterPass.csv,done
22,jvmMain,,D3dIndexBuffer.kt,src/jvmMain/kotlin/D3dIndexBuffer.kt,refactor-notes/jvmMain/D3dIndexBuffer.csv,done
22,jvmMain,,D3dRenderDevice.kt,src/jvmMain/kotlin/D3dRenderDevice.kt,refactor-notes/jvmMain/D3dRenderDevice.csv,done
22,jvmMain,,D3dSwapChainWrapper.kt,src/jvmMain/kotlin/D3dSwapChainWrapper.kt,refactor-notes/jvmMain/D3dSwapChainWrapper.csv,done
22,jvmMain,,D3dUnderwaterShaderPass.kt,src/jvmMain/kotlin/D3dUnderwaterShaderPass.kt,refactor-notes/jvmMain/D3dUnderwaterShaderPass.csv,done
23,jvmMain,,D3dVertexBuffer.kt,src/jvmMain/kotlin/D3dVertexBuffer.kt,refactor-notes/jvmMain/D3dVertexBuffer.csv,done
23,jvmMain,,D3dWaterShaderPass.kt,src/jvmMain/kotlin/D3dWaterShaderPass.kt,refactor-notes/jvmMain/D3dWaterShaderPass.csv,done
23,jvmMain,,DataHolder.kt,src/jvmMain/kotlin/DataHolder.kt,refactor-notes/jvmMain/DataHolder.csv,done
23,jvmMain,,DebugOverlayRenderer.kt,src/jvmMain/kotlin/DebugOverlayRenderer.kt,refactor-notes/jvmMain/DebugOverlayRenderer.csv,done
23,jvmMain,,DefaultGraphicsOptionState.kt,src/jvmMain/kotlin/DefaultGraphicsOptionState.kt,refactor-notes/jvmMain/DefaultGraphicsOptionState.csv,done
23,jvmMain,,DelegatingRenderCanvas.kt,src/jvmMain/kotlin/DelegatingRenderCanvas.kt,refactor-notes/jvmMain/DelegatingRenderCanvas.csv,done
23,jvmMain,,DetailLevelOptionState.kt,src/jvmMain/kotlin/DetailLevelOptionState.kt,refactor-notes/jvmMain/DetailLevelOptionState.csv,done
23,jvmMain,,DirectSocketFactory.kt,src/jvmMain/kotlin/DirectSocketFactory.kt,refactor-notes/jvmMain/DirectSocketFactory.csv,done
23,jvmMain,,DirectionPath.kt,src/jvmMain/kotlin/DirectionPath.kt,refactor-notes/jvmMain/DirectionPath.csv,done
23,jvmMain,,DirectionUtil.kt,src/jvmMain/kotlin/DirectionUtil.kt,refactor-notes/jvmMain/DirectionUtil.csv,done
24,jvmMain,,DirectionalLightTextureNode.kt,src/jvmMain/kotlin/DirectionalLightTextureNode.kt,refactor-notes/jvmMain/DirectionalLightTextureNode.csv,done
24,jvmMain,,DirectionalStripeTextureNode.kt,src/jvmMain/kotlin/DirectionalStripeTextureNode.kt,refactor-notes/jvmMain/DirectionalStripeTextureNode.csv,done
24,jvmMain,,DisplaceTextureNode.kt,src/jvmMain/kotlin/DisplaceTextureNode.kt,refactor-notes/jvmMain/DisplaceTextureNode.csv,done
24,jvmMain,,DisplayModeOptionState.kt,src/jvmMain/kotlin/DisplayModeOptionState.kt,refactor-notes/jvmMain/DisplayModeOptionState.csv,done
24,jvmMain,,DisplaySettingsConfig.kt,src/jvmMain/kotlin/DisplaySettingsConfig.kt,refactor-notes/jvmMain/DisplaySettingsConfig.csv,done
24,jvmMain,,DisposableHolder.kt,src/jvmMain/kotlin/DisposableHolder.kt,refactor-notes/jvmMain/DisposableHolder.csv,done
24,jvmMain,,DoublyLinkedNodeList.kt,src/jvmMain/kotlin/DoublyLinkedNodeList.kt,refactor-notes/jvmMain/DoublyLinkedNodeList.csv,done
24,jvmMain,,DragDropController.kt,src/jvmMain/kotlin/DragDropController.kt,refactor-notes/jvmMain/DragDropController.csv,done
24,jvmMain,,DualMaterialContainer.kt,src/jvmMain/kotlin/DualMaterialContainer.kt,refactor-notes/jvmMain/DualMaterialContainer.csv,done
24,jvmMain,,DynamicSceneObjectEntity.kt,src/jvmMain/kotlin/DynamicSceneObjectEntity.kt,refactor-notes/jvmMain/DynamicSceneObjectEntity.csv,done
25,jvmMain,,EdgeDetectTextureNode.kt,src/jvmMain/kotlin/EdgeDetectTextureNode.kt,refactor-notes/jvmMain/EdgeDetectTextureNode.csv,done
25,jvmMain,,EmoteDefCache.kt,src/jvmMain/kotlin/EmoteDefCache.kt,refactor-notes/jvmMain/EmoteDefCache.csv,done
25,jvmMain,,EmoteDefinition.kt,src/jvmMain/kotlin/EmoteDefinition.kt,refactor-notes/jvmMain/EmoteDefinition.csv,done
25,jvmMain,,EnvelopeInterpolator.kt,src/jvmMain/kotlin/EnvelopeInterpolator.kt,refactor-notes/jvmMain/EnvelopeInterpolator.csv,done
25,jvmMain,,FacingDirectionNode.kt,src/jvmMain/kotlin/FacingDirectionNode.kt,refactor-notes/jvmMain/FacingDirectionNode.csv,done
25,jvmMain,,FileExistsCondition.kt,src/jvmMain/kotlin/FileExistsCondition.kt,refactor-notes/jvmMain/FileExistsCondition.csv,done
25,jvmMain,,FileIoUtil.kt,src/jvmMain/kotlin/FileIoUtil.kt,refactor-notes/jvmMain/FileIoUtil.csv,done
25,jvmMain,,FileStoreLocator.kt,src/jvmMain/kotlin/FileStoreLocator.kt,refactor-notes/jvmMain/FileStoreLocator.csv,done
25,jvmMain,,FireParticleStream.kt,src/jvmMain/kotlin/FireParticleStream.kt,refactor-notes/jvmMain/FireParticleStream.csv,done
25,jvmMain,,FixedFunctionMaterialPass.kt,src/jvmMain/kotlin/FixedFunctionMaterialPass.kt,refactor-notes/jvmMain/FixedFunctionMaterialPass.csv,done
26,jvmMain,,FixedFunctionWaterPass.kt,src/jvmMain/kotlin/FixedFunctionWaterPass.kt,refactor-notes/jvmMain/FixedFunctionWaterPass.csv,done
26,jvmMain,,FlickeringEffectsOptionState.kt,src/jvmMain/kotlin/FlickeringEffectsOptionState.kt,refactor-notes/jvmMain/FlickeringEffectsOptionState.csv,done
26,jvmMain,,FlipTextureNode.kt,src/jvmMain/kotlin/FlipTextureNode.kt,refactor-notes/jvmMain/FlipTextureNode.csv,done
26,jvmMain,,FloatBuffer.kt,src/jvmMain/kotlin/FloatBuffer.kt,refactor-notes/jvmMain/FloatBuffer.csv,done
26,jvmMain,,FloatCameraTransform.kt,src/jvmMain/kotlin/FloatCameraTransform.kt,refactor-notes/jvmMain/FloatCameraTransform.csv,done
26,jvmMain,,FloatGrid.kt,src/jvmMain/kotlin/FloatGrid.kt,refactor-notes/jvmMain/FloatGrid.csv,done
26,jvmMain,,FloorOverlayDefinition.kt,src/jvmMain/kotlin/FloorOverlayDefinition.kt,refactor-notes/jvmMain/FloorOverlayDefinition.csv,done
26,jvmMain,,FogOptionState.kt,src/jvmMain/kotlin/FogOptionState.kt,refactor-notes/jvmMain/FogOptionState.csv,done
26,jvmMain,,FogState.kt,src/jvmMain/kotlin/FogState.kt,refactor-notes/jvmMain/FogState.csv,done
26,jvmMain,,FontDefinition.kt,src/jvmMain/kotlin/FontDefinition.kt,refactor-notes/jvmMain/FontDefinition.csv,done
27,jvmMain,,FormantSynthFilter.kt,src/jvmMain/kotlin/FormantSynthFilter.kt,refactor-notes/jvmMain/FormantSynthFilter.csv,pending
27,jvmMain,,FrameBufferObject.kt,src/jvmMain/kotlin/FrameBufferObject.kt,refactor-notes/jvmMain/FrameBufferObject.csv,pending
27,jvmMain,,FrameStatsReset.kt,src/jvmMain/kotlin/FrameStatsReset.kt,refactor-notes/jvmMain/FrameStatsReset.csv,pending
27,jvmMain,,FullscreenDisplayController.kt,src/jvmMain/kotlin/FullscreenDisplayController.kt,refactor-notes/jvmMain/FullscreenDisplayController.csv,pending
27,jvmMain,,GameApplet.kt,src/jvmMain/kotlin/GameApplet.kt,refactor-notes/jvmMain/GameApplet.csv,pending
27,jvmMain,,GameAppletFrame.kt,src/jvmMain/kotlin/GameAppletFrame.kt,refactor-notes/jvmMain/GameAppletFrame.csv,pending
27,jvmMain,,GameClock.kt,src/jvmMain/kotlin/GameClock.kt,refactor-notes/jvmMain/GameClock.csv,pending
27,jvmMain,,GameDisplayManager.kt,src/jvmMain/kotlin/GameDisplayManager.kt,refactor-notes/jvmMain/GameDisplayManager.csv,pending
27,jvmMain,,Gl2dTexture.kt,src/jvmMain/kotlin/Gl2dTexture.kt,refactor-notes/jvmMain/Gl2dTexture.csv,pending
27,jvmMain,,Gl3dTexture.kt,src/jvmMain/kotlin/Gl3dTexture.kt,refactor-notes/jvmMain/Gl3dTexture.csv,pending
28,jvmMain,,GlArrayBufferObject.kt,src/jvmMain/kotlin/GlArrayBufferObject.kt,refactor-notes/jvmMain/GlArrayBufferObject.csv,pending
28,jvmMain,,GlBloomEffect.kt,src/jvmMain/kotlin/GlBloomEffect.kt,refactor-notes/jvmMain/GlBloomEffect.csv,pending
28,jvmMain,,GlBufferObject.kt,src/jvmMain/kotlin/GlBufferObject.kt,refactor-notes/jvmMain/GlBufferObject.csv,pending
28,jvmMain,,GlCubeMapTexture.kt,src/jvmMain/kotlin/GlCubeMapTexture.kt,refactor-notes/jvmMain/GlCubeMapTexture.csv,pending
28,jvmMain,,GlCubemapLightPass.kt,src/jvmMain/kotlin/GlCubemapLightPass.kt,refactor-notes/jvmMain/GlCubemapLightPass.csv,pending
28,jvmMain,,GlDisplayListFont.kt,src/jvmMain/kotlin/GlDisplayListFont.kt,refactor-notes/jvmMain/GlDisplayListFont.csv,pending
28,jvmMain,,GlElementArrayBuffer.kt,src/jvmMain/kotlin/GlElementArrayBuffer.kt,refactor-notes/jvmMain/GlElementArrayBuffer.csv,pending
28,jvmMain,,GlEnvMappedWaterPass.kt,src/jvmMain/kotlin/GlEnvMappedWaterPass.kt,refactor-notes/jvmMain/GlEnvMappedWaterPass.csv,pending
28,jvmMain,,GlFontDisplayList.kt,src/jvmMain/kotlin/GlFontDisplayList.kt,refactor-notes/jvmMain/GlFontDisplayList.csv,pending
28,jvmMain,,GlFontTextured.kt,src/jvmMain/kotlin/GlFontTextured.kt,refactor-notes/jvmMain/GlFontTextured.csv,pending
29,jvmMain,,GlFramebufferBlitter.kt,src/jvmMain/kotlin/GlFramebufferBlitter.kt,refactor-notes/jvmMain/GlFramebufferBlitter.csv,pending
29,jvmMain,,GlGroundShaderPass.kt,src/jvmMain/kotlin/GlGroundShaderPass.kt,refactor-notes/jvmMain/GlGroundShaderPass.csv,pending
29,jvmMain,,GlIndexBufferArb.kt,src/jvmMain/kotlin/GlIndexBufferArb.kt,refactor-notes/jvmMain/GlIndexBufferArb.csv,pending
29,jvmMain,,GlRectangleTexture.kt,src/jvmMain/kotlin/GlRectangleTexture.kt,refactor-notes/jvmMain/GlRectangleTexture.csv,pending
29,jvmMain,,GlRenderDevice.kt,src/jvmMain/kotlin/GlRenderDevice.kt,refactor-notes/jvmMain/GlRenderDevice.csv,pending
29,jvmMain,,GlShaderObjectHandle.kt,src/jvmMain/kotlin/GlShaderObjectHandle.kt,refactor-notes/jvmMain/GlShaderObjectHandle.csv,pending
29,jvmMain,,GlShaderProgramHandle.kt,src/jvmMain/kotlin/GlShaderProgramHandle.kt,refactor-notes/jvmMain/GlShaderProgramHandle.csv,pending
29,jvmMain,,GlShadowRenderPass.kt,src/jvmMain/kotlin/GlShadowRenderPass.kt,refactor-notes/jvmMain/GlShadowRenderPass.csv,pending
29,jvmMain,,GlSpriteRenderer.kt,src/jvmMain/kotlin/GlSpriteRenderer.kt,refactor-notes/jvmMain/GlSpriteRenderer.csv,pending
29,jvmMain,,GlTexture.kt,src/jvmMain/kotlin/GlTexture.kt,refactor-notes/jvmMain/GlTexture.csv,pending
30,jvmMain,,GlTexture1D.kt,src/jvmMain/kotlin/GlTexture1D.kt,refactor-notes/jvmMain/GlTexture1D.csv,pending
30,jvmMain,,GlTexture2D.kt,src/jvmMain/kotlin/GlTexture2D.kt,refactor-notes/jvmMain/GlTexture2D.csv,pending
30,jvmMain,,GlTexture2DRegion.kt,src/jvmMain/kotlin/GlTexture2DRegion.kt,refactor-notes/jvmMain/GlTexture2DRegion.csv,pending
30,jvmMain,,GlTexture3D.kt,src/jvmMain/kotlin/GlTexture3D.kt,refactor-notes/jvmMain/GlTexture3D.csv,pending
30,jvmMain,,GlTextureBase.kt,src/jvmMain/kotlin/GlTextureBase.kt,refactor-notes/jvmMain/GlTextureBase.csv,pending
30,jvmMain,,GlTextureCubeMap.kt,src/jvmMain/kotlin/GlTextureCubeMap.kt,refactor-notes/jvmMain/GlTextureCubeMap.csv,pending
30,jvmMain,,GlVertexBufferArb.kt,src/jvmMain/kotlin/GlVertexBufferArb.kt,refactor-notes/jvmMain/GlVertexBufferArb.csv,pending
30,jvmMain,,GlVertexBufferBase.kt,src/jvmMain/kotlin/GlVertexBufferBase.kt,refactor-notes/jvmMain/GlVertexBufferBase.csv,pending
30,jvmMain,,GlWaterRenderPass.kt,src/jvmMain/kotlin/GlWaterRenderPass.kt,refactor-notes/jvmMain/GlWaterRenderPass.csv,pending
30,jvmMain,,GlowPostProcessor.kt,src/jvmMain/kotlin/GlowPostProcessor.kt,refactor-notes/jvmMain/GlowPostProcessor.csv,pending
31,jvmMain,,GlslEnvMaterialPass.kt,src/jvmMain/kotlin/GlslEnvMaterialPass.kt,refactor-notes/jvmMain/GlslEnvMaterialPass.csv,pending
31,jvmMain,,GlslMaterialPass.kt,src/jvmMain/kotlin/GlslMaterialPass.kt,refactor-notes/jvmMain/GlslMaterialPass.csv,pending
31,jvmMain,,GradientLookupEffect.kt,src/jvmMain/kotlin/GradientLookupEffect.kt,refactor-notes/jvmMain/GradientLookupEffect.csv,pending
31,jvmMain,,GradientMapTextureNode.kt,src/jvmMain/kotlin/GradientMapTextureNode.kt,refactor-notes/jvmMain/GradientMapTextureNode.csv,pending
31,jvmMain,,GraphicsOptionState.kt,src/jvmMain/kotlin/GraphicsOptionState.kt,refactor-notes/jvmMain/GraphicsOptionState.csv,pending
31,jvmMain,,GrayscaleEffect.kt,src/jvmMain/kotlin/GrayscaleEffect.kt,refactor-notes/jvmMain/GrayscaleEffect.csv,pending
31,jvmMain,,GrayscaleNoiseTexture.kt,src/jvmMain/kotlin/GrayscaleNoiseTexture.kt,refactor-notes/jvmMain/GrayscaleNoiseTexture.csv,pending
31,jvmMain,,GroundDecorEntity.kt,src/jvmMain/kotlin/GroundDecorEntity.kt,refactor-notes/jvmMain/GroundDecorEntity.csv,pending
31,jvmMain,,GroundDecorOptionState.kt,src/jvmMain/kotlin/GroundDecorOptionState.kt,refactor-notes/jvmMain/GroundDecorOptionState.csv,pending
31,jvmMain,,GroundDecorRenderer.kt,src/jvmMain/kotlin/GroundDecorRenderer.kt,refactor-notes/jvmMain/GroundDecorRenderer.csv,pending
32,jvmMain,,GroundDecorSceneEntity.kt,src/jvmMain/kotlin/GroundDecorSceneEntity.kt,refactor-notes/jvmMain/GroundDecorSceneEntity.csv,pending
32,jvmMain,,GroundItemRenderState.kt,src/jvmMain/kotlin/GroundItemRenderState.kt,refactor-notes/jvmMain/GroundItemRenderState.csv,pending
32,jvmMain,,HardKeyedCacheEntryReference.kt,src/jvmMain/kotlin/HardKeyedCacheEntryReference.kt,refactor-notes/jvmMain/HardKeyedCacheEntryReference.csv,pending
32,jvmMain,,HashLinkedListNodeStatics.kt,src/jvmMain/kotlin/HashLinkedListNodeStatics.kt,refactor-notes/jvmMain/HashLinkedListNodeStatics.csv,pending
32,jvmMain,,HashTileShape.kt,src/jvmMain/kotlin/HashTileShape.kt,refactor-notes/jvmMain/HashTileShape.csv,pending
32,jvmMain,,HeadIconRenderer.kt,src/jvmMain/kotlin/HeadIconRenderer.kt,refactor-notes/jvmMain/HeadIconRenderer.csv,pending
32,jvmMain,,HeapDiagnosticsHolder.kt,src/jvmMain/kotlin/HeapDiagnosticsHolder.kt,refactor-notes/jvmMain/HeapDiagnosticsHolder.csv,pending
32,jvmMain,,HeapInfoRecord.kt,src/jvmMain/kotlin/HeapInfoRecord.kt,refactor-notes/jvmMain/HeapInfoRecord.csv,pending
32,jvmMain,,HeightMapNoise.kt,src/jvmMain/kotlin/HeightMapNoise.kt,refactor-notes/jvmMain/HeightMapNoise.csv,pending
32,jvmMain,,HintArrowOrMessage.kt,src/jvmMain/kotlin/HintArrowOrMessage.kt,refactor-notes/jvmMain/HintArrowOrMessage.csv,pending
33,jvmMain,,HintArrowRenderer.kt,src/jvmMain/kotlin/HintArrowRenderer.kt,refactor-notes/jvmMain/HintArrowRenderer.csv,pending
33,jvmMain,,HintIconState.kt,src/jvmMain/kotlin/HintIconState.kt,refactor-notes/jvmMain/HintIconState.csv,pending
33,jvmMain,,HitsplatDefinition.kt,src/jvmMain/kotlin/HitsplatDefinition.kt,refactor-notes/jvmMain/HitsplatDefinition.csv,pending
33,jvmMain,,HostPingThread.kt,src/jvmMain/kotlin/HostPingThread.kt,refactor-notes/jvmMain/HostPingThread.csv,pending
33,jvmMain,,HoverActionEntry.kt,src/jvmMain/kotlin/HoverActionEntry.kt,refactor-notes/jvmMain/HoverActionEntry.csv,pending
33,jvmMain,,HslAdjustTextureNode.kt,src/jvmMain/kotlin/HslAdjustTextureNode.kt,refactor-notes/jvmMain/HslAdjustTextureNode.csv,pending
33,jvmMain,,HslColorConfig.kt,src/jvmMain/kotlin/HslColorConfig.kt,refactor-notes/jvmMain/HslColorConfig.csv,pending
33,jvmMain,,HslPaletteState.kt,src/jvmMain/kotlin/HslPaletteState.kt,refactor-notes/jvmMain/HslPaletteState.csv,pending
33,jvmMain,,HudTabPanel.kt,src/jvmMain/kotlin/HudTabPanel.kt,refactor-notes/jvmMain/HudTabPanel.csv,pending
33,jvmMain,,HuffmanCodec.kt,src/jvmMain/kotlin/HuffmanCodec.kt,refactor-notes/jvmMain/HuffmanCodec.csv,pending
34,jvmMain,,IOException_Sub1.kt,src/jvmMain/kotlin/IOException_Sub1.kt,refactor-notes/jvmMain/IOException_Sub1.csv,pending
34,jvmMain,,IdentKitRecolor.kt,src/jvmMain/kotlin/IdentKitRecolor.kt,refactor-notes/jvmMain/IdentKitRecolor.csv,pending
34,jvmMain,,IdleAnimationsOptionState.kt,src/jvmMain/kotlin/IdleAnimationsOptionState.kt,refactor-notes/jvmMain/IdleAnimationsOptionState.csv,pending
34,jvmMain,,ImageBoxBlurScroller.kt,src/jvmMain/kotlin/ImageBoxBlurScroller.kt,refactor-notes/jvmMain/ImageBoxBlurScroller.csv,pending
34,jvmMain,,IndexBufferResource.kt,src/jvmMain/kotlin/IndexBufferResource.kt,refactor-notes/jvmMain/IndexBufferResource.csv,pending
34,jvmMain,,IndexedFileCache.kt,src/jvmMain/kotlin/IndexedFileCache.kt,refactor-notes/jvmMain/IndexedFileCache.csv,pending
34,jvmMain,,IndexedSprite.kt,src/jvmMain/kotlin/IndexedSprite.kt,refactor-notes/jvmMain/IndexedSprite.csv,pending
34,jvmMain,,InputSettingsState.kt,src/jvmMain/kotlin/InputSettingsState.kt,refactor-notes/jvmMain/InputSettingsState.csv,pending
34,jvmMain,,InputStream_Sub1.kt,src/jvmMain/kotlin/InputStream_Sub1.kt,refactor-notes/jvmMain/InputStream_Sub1.csv,pending
34,jvmMain,,InputStream_Sub2.kt,src/jvmMain/kotlin/InputStream_Sub2.kt,refactor-notes/jvmMain/InputStream_Sub2.csv,pending
35,jvmMain,,InputTracker.kt,src/jvmMain/kotlin/InputTracker.kt,refactor-notes/jvmMain/InputTracker.csv,pending
35,jvmMain,,IntHashSetStatics.kt,src/jvmMain/kotlin/IntHashSetStatics.kt,refactor-notes/jvmMain/IntHashSetStatics.csv,pending
35,jvmMain,,IntPair.kt,src/jvmMain/kotlin/IntPair.kt,refactor-notes/jvmMain/IntPair.csv,pending
35,jvmMain,,IntTriple.kt,src/jvmMain/kotlin/IntTriple.kt,refactor-notes/jvmMain/IntTriple.csv,pending
35,jvmMain,,InterfaceBounds.kt,src/jvmMain/kotlin/InterfaceBounds.kt,refactor-notes/jvmMain/InterfaceBounds.csv,pending
35,jvmMain,,InterfaceComponentGroup.kt,src/jvmMain/kotlin/InterfaceComponentGroup.kt,refactor-notes/jvmMain/InterfaceComponentGroup.csv,pending
35,jvmMain,,InvertTextureNode.kt,src/jvmMain/kotlin/InvertTextureNode.kt,refactor-notes/jvmMain/InvertTextureNode.csv,pending
35,jvmMain,,IsaacCipher.kt,src/jvmMain/kotlin/IsaacCipher.kt,refactor-notes/jvmMain/IsaacCipher.csv,pending
35,jvmMain,,ItemActionPacketSender.kt,src/jvmMain/kotlin/ItemActionPacketSender.kt,refactor-notes/jvmMain/ItemActionPacketSender.csv,pending
35,jvmMain,,ItemDefinition.kt,src/jvmMain/kotlin/ItemDefinition.kt,refactor-notes/jvmMain/ItemDefinition.csv,pending
36,jvmMain,,ItemDefinitionLoader.kt,src/jvmMain/kotlin/ItemDefinitionLoader.kt,refactor-notes/jvmMain/ItemDefinitionLoader.csv,pending
36,jvmMain,,ItemModelDefinition.kt,src/jvmMain/kotlin/ItemModelDefinition.kt,refactor-notes/jvmMain/ItemModelDefinition.csv,pending
36,jvmMain,,ItemNameResolver.kt,src/jvmMain/kotlin/ItemNameResolver.kt,refactor-notes/jvmMain/ItemNameResolver.csv,pending
36,jvmMain,,JagDxToolkitFactory.kt,src/jvmMain/kotlin/JagDxToolkitFactory.kt,refactor-notes/jvmMain/JagDxToolkitFactory.csv,pending
36,jvmMain,,JagGlToolkitFactory.kt,src/jvmMain/kotlin/JagGlToolkitFactory.kt,refactor-notes/jvmMain/JagGlToolkitFactory.csv,pending
36,jvmMain,,JavaScriptBridge.kt,src/jvmMain/kotlin/JavaScriptBridge.kt,refactor-notes/jvmMain/JavaScriptBridge.csv,pending
36,jvmMain,,JavaSoundOutput.kt,src/jvmMain/kotlin/JavaSoundOutput.kt,refactor-notes/jvmMain/JavaSoundOutput.csv,pending
36,jvmMain,,KaraokeSubtitleStream.kt,src/jvmMain/kotlin/KaraokeSubtitleStream.kt,refactor-notes/jvmMain/KaraokeSubtitleStream.csv,pending
36,jvmMain,,KeyEventNode.kt,src/jvmMain/kotlin/KeyEventNode.kt,refactor-notes/jvmMain/KeyEventNode.csv,pending
36,jvmMain,,KeyboardInputSource.kt,src/jvmMain/kotlin/KeyboardInputSource.kt,refactor-notes/jvmMain/KeyboardInputSource.csv,pending
37,jvmMain,,KeyboardLayoutCache.kt,src/jvmMain/kotlin/KeyboardLayoutCache.kt,refactor-notes/jvmMain/KeyboardLayoutCache.csv,pending
37,jvmMain,,KeyboardLayoutConfig.kt,src/jvmMain/kotlin/KeyboardLayoutConfig.kt,refactor-notes/jvmMain/KeyboardLayoutConfig.csv,pending
37,jvmMain,,KeyedCacheEntryReference.kt,src/jvmMain/kotlin/KeyedCacheEntryReference.kt,refactor-notes/jvmMain/KeyedCacheEntryReference.csv,pending
37,jvmMain,,LightDetailOptionState.kt,src/jvmMain/kotlin/LightDetailOptionState.kt,refactor-notes/jvmMain/LightDetailOptionState.csv,pending
37,jvmMain,,LightingOptionState.kt,src/jvmMain/kotlin/LightingOptionState.kt,refactor-notes/jvmMain/LightingOptionState.csv,pending
37,jvmMain,,LinkedListIterator.kt,src/jvmMain/kotlin/LinkedListIterator.kt,refactor-notes/jvmMain/LinkedListIterator.csv,pending
37,jvmMain,,LinkedListNodeStatics.kt,src/jvmMain/kotlin/LinkedListNodeStatics.kt,refactor-notes/jvmMain/LinkedListNodeStatics.csv,pending
37,jvmMain,,LinkedQueueNode.kt,src/jvmMain/kotlin/LinkedQueueNode.kt,refactor-notes/jvmMain/LinkedQueueNode.csv,pending
37,jvmMain,,LoadProgressCounters.kt,src/jvmMain/kotlin/LoadProgressCounters.kt,refactor-notes/jvmMain/LoadProgressCounters.csv,pending
37,jvmMain,,Loader.kt,src/jvmMain/kotlin/Loader.kt,refactor-notes/jvmMain/Loader.csv,pending
38,jvmMain,,LoadingBarRenderer.kt,src/jvmMain/kotlin/LoadingBarRenderer.kt,refactor-notes/jvmMain/LoadingBarRenderer.csv,pending
38,jvmMain,,LoadingScreenImageNode.kt,src/jvmMain/kotlin/LoadingScreenImageNode.kt,refactor-notes/jvmMain/LoadingScreenImageNode.csv,pending
38,jvmMain,,LoadingScreenState.kt,src/jvmMain/kotlin/LoadingScreenState.kt,refactor-notes/jvmMain/LoadingScreenState.csv,pending
38,jvmMain,,LocConfigModelBuilder.kt,src/jvmMain/kotlin/LocConfigModelBuilder.kt,refactor-notes/jvmMain/LocConfigModelBuilder.csv,pending
38,jvmMain,,LocDefinitionCache.kt,src/jvmMain/kotlin/LocDefinitionCache.kt,refactor-notes/jvmMain/LocDefinitionCache.csv,pending
38,jvmMain,,LocTypeConfig.kt,src/jvmMain/kotlin/LocTypeConfig.kt,refactor-notes/jvmMain/LocTypeConfig.csv,pending
38,jvmMain,,LocTypeDefLoader.kt,src/jvmMain/kotlin/LocTypeDefLoader.kt,refactor-notes/jvmMain/LocTypeDefLoader.csv,pending
38,jvmMain,,LocTypeDefinition.kt,src/jvmMain/kotlin/LocTypeDefinition.kt,refactor-notes/jvmMain/LocTypeDefinition.csv,pending
38,jvmMain,,LocalPlayerState.kt,src/jvmMain/kotlin/LocalPlayerState.kt,refactor-notes/jvmMain/LocalPlayerState.csv,pending
38,jvmMain,,LocalizedTextStatics.kt,src/jvmMain/kotlin/LocalizedTextStatics.kt,refactor-notes/jvmMain/LocalizedTextStatics.csv,pending
39,jvmMain,,LocalizedTextTriple.kt,src/jvmMain/kotlin/LocalizedTextTriple.kt,refactor-notes/jvmMain/LocalizedTextTriple.csv,pending
39,jvmMain,,Lock.jvm.kt,src/jvmMain/kotlin/Lock.jvm.kt,refactor-notes/jvmMain/Lock.jvm.csv,pending
39,jvmMain,,LongHashTable.kt,src/jvmMain/kotlin/LongHashTable.kt,refactor-notes/jvmMain/LongHashTable.csv,pending
39,jvmMain,,LongKeyNode.kt,src/jvmMain/kotlin/LongKeyNode.kt,refactor-notes/jvmMain/LongKeyNode.csv,pending
39,jvmMain,,ManagedGlResource.kt,src/jvmMain/kotlin/ManagedGlResource.kt,refactor-notes/jvmMain/ManagedGlResource.csv,pending
39,jvmMain,,MapArchiveSource.kt,src/jvmMain/kotlin/MapArchiveSource.kt,refactor-notes/jvmMain/MapArchiveSource.csv,pending
39,jvmMain,,MapAreaDefinition.kt,src/jvmMain/kotlin/MapAreaDefinition.kt,refactor-notes/jvmMain/MapAreaDefinition.csv,pending
39,jvmMain,,MapElementDecor.kt,src/jvmMain/kotlin/MapElementDecor.kt,refactor-notes/jvmMain/MapElementDecor.csv,pending
39,jvmMain,,MapElementDefinitionCache.kt,src/jvmMain/kotlin/MapElementDefinitionCache.kt,refactor-notes/jvmMain/MapElementDefinitionCache.csv,pending
39,jvmMain,,MapElementLookup.kt,src/jvmMain/kotlin/MapElementLookup.kt,refactor-notes/jvmMain/MapElementLookup.csv,pending
40,jvmMain,,MapElementManager.kt,src/jvmMain/kotlin/MapElementManager.kt,refactor-notes/jvmMain/MapElementManager.csv,pending
40,jvmMain,,MapLabelMenuEntry.kt,src/jvmMain/kotlin/MapLabelMenuEntry.kt,refactor-notes/jvmMain/MapLabelMenuEntry.csv,pending
40,jvmMain,,MapRegionLoader.kt,src/jvmMain/kotlin/MapRegionLoader.kt,refactor-notes/jvmMain/MapRegionLoader.csv,pending
40,jvmMain,,MapRegionLoaderThread.kt,src/jvmMain/kotlin/MapRegionLoaderThread.kt,refactor-notes/jvmMain/MapRegionLoaderThread.csv,pending
40,jvmMain,,MapSceneCache.kt,src/jvmMain/kotlin/MapSceneCache.kt,refactor-notes/jvmMain/MapSceneCache.csv,pending
40,jvmMain,,MapSceneDefLoader.kt,src/jvmMain/kotlin/MapSceneDefLoader.kt,refactor-notes/jvmMain/MapSceneDefLoader.csv,pending
40,jvmMain,,MapSceneIconDef.kt,src/jvmMain/kotlin/MapSceneIconDef.kt,refactor-notes/jvmMain/MapSceneIconDef.csv,pending
40,jvmMain,,MapSceneRenderer.kt,src/jvmMain/kotlin/MapSceneRenderer.kt,refactor-notes/jvmMain/MapSceneRenderer.csv,pending
40,jvmMain,,MapSceneTile.kt,src/jvmMain/kotlin/MapSceneTile.kt,refactor-notes/jvmMain/MapSceneTile.csv,pending
40,jvmMain,,MapSceneTileDefinition.kt,src/jvmMain/kotlin/MapSceneTileDefinition.kt,refactor-notes/jvmMain/MapSceneTileDefinition.csv,pending
41,jvmMain,,MapTileShape.kt,src/jvmMain/kotlin/MapTileShape.kt,refactor-notes/jvmMain/MapTileShape.csv,pending
41,jvmMain,,MaterialPass.kt,src/jvmMain/kotlin/MaterialPass.kt,refactor-notes/jvmMain/MaterialPass.csv,pending
41,jvmMain,,MaterialTextureCache.kt,src/jvmMain/kotlin/MaterialTextureCache.kt,refactor-notes/jvmMain/MaterialTextureCache.csv,pending
41,jvmMain,,MaterialTypeMarker.kt,src/jvmMain/kotlin/MaterialTypeMarker.kt,refactor-notes/jvmMain/MaterialTypeMarker.csv,pending
41,jvmMain,,MaterialTypeVariant.kt,src/jvmMain/kotlin/MaterialTypeVariant.kt,refactor-notes/jvmMain/MaterialTypeVariant.csv,pending
41,jvmMain,,MatrixCameraTransform.kt,src/jvmMain/kotlin/MatrixCameraTransform.kt,refactor-notes/jvmMain/MatrixCameraTransform.csv,pending
41,jvmMain,,MediaStreamClient.kt,src/jvmMain/kotlin/MediaStreamClient.kt,refactor-notes/jvmMain/MediaStreamClient.csv,pending
41,jvmMain,,MenuActionNode.kt,src/jvmMain/kotlin/MenuActionNode.kt,refactor-notes/jvmMain/MenuActionNode.csv,pending
41,jvmMain,,MidiFileBuilder.kt,src/jvmMain/kotlin/MidiFileBuilder.kt,refactor-notes/jvmMain/MidiFileBuilder.csv,pending
41,jvmMain,,MidiSequencePlayer.kt,src/jvmMain/kotlin/MidiSequencePlayer.kt,refactor-notes/jvmMain/MidiSequencePlayer.csv,pending
42,jvmMain,,MidiTrackReader.kt,src/jvmMain/kotlin/MidiTrackReader.kt,refactor-notes/jvmMain/MidiTrackReader.csv,pending
42,jvmMain,,MillisNanoTimer.kt,src/jvmMain/kotlin/MillisNanoTimer.kt,refactor-notes/jvmMain/MillisNanoTimer.csv,pending
42,jvmMain,,MinimapAreaMarkerNode.kt,src/jvmMain/kotlin/MinimapAreaMarkerNode.kt,refactor-notes/jvmMain/MinimapAreaMarkerNode.csv,pending
42,jvmMain,,MinimapDrawController.kt,src/jvmMain/kotlin/MinimapDrawController.kt,refactor-notes/jvmMain/MinimapDrawController.csv,pending
42,jvmMain,,MinimapFlagRenderer.kt,src/jvmMain/kotlin/MinimapFlagRenderer.kt,refactor-notes/jvmMain/MinimapFlagRenderer.csv,pending
42,jvmMain,,MinimapLineDrawer.kt,src/jvmMain/kotlin/MinimapLineDrawer.kt,refactor-notes/jvmMain/MinimapLineDrawer.csv,pending
42,jvmMain,,MinimapPolygonDrawer.kt,src/jvmMain/kotlin/MinimapPolygonDrawer.kt,refactor-notes/jvmMain/MinimapPolygonDrawer.csv,pending
42,jvmMain,,MinimapPositionState.kt,src/jvmMain/kotlin/MinimapPositionState.kt,refactor-notes/jvmMain/MinimapPositionState.csv,pending
42,jvmMain,,MinimapRectClipper.kt,src/jvmMain/kotlin/MinimapRectClipper.kt,refactor-notes/jvmMain/MinimapRectClipper.csv,pending
42,jvmMain,,MinimapRenderer.kt,src/jvmMain/kotlin/MinimapRenderer.kt,refactor-notes/jvmMain/MinimapRenderer.csv,pending
43,jvmMain,,MinimapShapeDrawer.kt,src/jvmMain/kotlin/MinimapShapeDrawer.kt,refactor-notes/jvmMain/MinimapShapeDrawer.csv,pending
43,jvmMain,,MinimapSpriteRenderer.kt,src/jvmMain/kotlin/MinimapSpriteRenderer.kt,refactor-notes/jvmMain/MinimapSpriteRenderer.csv,pending
43,jvmMain,,MinimapSquareDrawer.kt,src/jvmMain/kotlin/MinimapSquareDrawer.kt,refactor-notes/jvmMain/MinimapSquareDrawer.csv,pending
43,jvmMain,,MinimapStateReset.kt,src/jvmMain/kotlin/MinimapStateReset.kt,refactor-notes/jvmMain/MinimapStateReset.csv,pending
43,jvmMain,,MinimapTileEntry.kt,src/jvmMain/kotlin/MinimapTileEntry.kt,refactor-notes/jvmMain/MinimapTileEntry.csv,pending
43,jvmMain,,MinimapTriangleDrawer.kt,src/jvmMain/kotlin/MinimapTriangleDrawer.kt,refactor-notes/jvmMain/MinimapTriangleDrawer.csv,pending
43,jvmMain,,ModelBatchBase.kt,src/jvmMain/kotlin/ModelBatchBase.kt,refactor-notes/jvmMain/ModelBatchBase.csv,pending
43,jvmMain,,ModelDataCache.kt,src/jvmMain/kotlin/ModelDataCache.kt,refactor-notes/jvmMain/ModelDataCache.csv,pending
43,jvmMain,,ModelDefinitionCache.kt,src/jvmMain/kotlin/ModelDefinitionCache.kt,refactor-notes/jvmMain/ModelDefinitionCache.csv,pending
43,jvmMain,,ModelDefinitionLoader.kt,src/jvmMain/kotlin/ModelDefinitionLoader.kt,refactor-notes/jvmMain/ModelDefinitionLoader.csv,pending
44,jvmMain,,ModelGroundDecor.kt,src/jvmMain/kotlin/ModelGroundDecor.kt,refactor-notes/jvmMain/ModelGroundDecor.csv,pending
44,jvmMain,,ModelHeaderCache.kt,src/jvmMain/kotlin/ModelHeaderCache.kt,refactor-notes/jvmMain/ModelHeaderCache.csv,pending
44,jvmMain,,ModelKeyBuilder.kt,src/jvmMain/kotlin/ModelKeyBuilder.kt,refactor-notes/jvmMain/ModelKeyBuilder.csv,pending
44,jvmMain,,ModelLightingConfig.kt,src/jvmMain/kotlin/ModelLightingConfig.kt,refactor-notes/jvmMain/ModelLightingConfig.csv,pending
44,jvmMain,,ModelOrSpriteHolder.kt,src/jvmMain/kotlin/ModelOrSpriteHolder.kt,refactor-notes/jvmMain/ModelOrSpriteHolder.csv,pending
44,jvmMain,,ModelResourceBundle.kt,src/jvmMain/kotlin/ModelResourceBundle.kt,refactor-notes/jvmMain/ModelResourceBundle.csv,pending
44,jvmMain,,ModelTransformParams.kt,src/jvmMain/kotlin/ModelTransformParams.kt,refactor-notes/jvmMain/ModelTransformParams.csv,pending
44,jvmMain,,ModelVertexColorBuffer.kt,src/jvmMain/kotlin/ModelVertexColorBuffer.kt,refactor-notes/jvmMain/ModelVertexColorBuffer.csv,pending
44,jvmMain,,ModelVertexData.kt,src/jvmMain/kotlin/ModelVertexData.kt,refactor-notes/jvmMain/ModelVertexData.csv,pending
44,jvmMain,,ModelVertexNormal.kt,src/jvmMain/kotlin/ModelVertexNormal.kt,refactor-notes/jvmMain/ModelVertexNormal.csv,pending
45,jvmMain,,ModelWallEntity.kt,src/jvmMain/kotlin/ModelWallEntity.kt,refactor-notes/jvmMain/ModelWallEntity.csv,pending
45,jvmMain,,MouseInputTracker.kt,src/jvmMain/kotlin/MouseInputTracker.kt,refactor-notes/jvmMain/MouseInputTracker.csv,pending
45,jvmMain,,MouseWheelInputTracker.kt,src/jvmMain/kotlin/MouseWheelInputTracker.kt,refactor-notes/jvmMain/MouseWheelInputTracker.csv,pending
45,jvmMain,,MultiFieldRecord.kt,src/jvmMain/kotlin/MultiFieldRecord.kt,refactor-notes/jvmMain/MultiFieldRecord.csv,pending
45,jvmMain,,MultiLevelOptionState.kt,src/jvmMain/kotlin/MultiLevelOptionState.kt,refactor-notes/jvmMain/MultiLevelOptionState.csv,pending
45,jvmMain,,NamedIdEntry.kt,src/jvmMain/kotlin/NamedIdEntry.kt,refactor-notes/jvmMain/NamedIdEntry.csv,pending
45,jvmMain,,NamedIdRecord.kt,src/jvmMain/kotlin/NamedIdRecord.kt,refactor-notes/jvmMain/NamedIdRecord.csv,pending
45,jvmMain,,NamedTimedNode.kt,src/jvmMain/kotlin/NamedTimedNode.kt,refactor-notes/jvmMain/NamedTimedNode.csv,pending
45,jvmMain,,NanoTimer.kt,src/jvmMain/kotlin/NanoTimer.kt,refactor-notes/jvmMain/NanoTimer.csv,pending
45,jvmMain,,NanoTimerHighPrecision.kt,src/jvmMain/kotlin/NanoTimerHighPrecision.kt,refactor-notes/jvmMain/NanoTimerHighPrecision.csv,pending
46,jvmMain,,NanoTimerJagex.kt,src/jvmMain/kotlin/NanoTimerJagex.kt,refactor-notes/jvmMain/NanoTimerJagex.csv,pending
46,jvmMain,,NanoTimerSystem.kt,src/jvmMain/kotlin/NanoTimerSystem.kt,refactor-notes/jvmMain/NanoTimerSystem.csv,pending
46,jvmMain,,NativeBufferHandle.kt,src/jvmMain/kotlin/NativeBufferHandle.kt,refactor-notes/jvmMain/NativeBufferHandle.csv,pending
46,jvmMain,,NativeBufferWrapper.kt,src/jvmMain/kotlin/NativeBufferWrapper.kt,refactor-notes/jvmMain/NativeBufferWrapper.csv,pending
46,jvmMain,,NativeCursorCallback.kt,src/jvmMain/kotlin/NativeCursorCallback.kt,refactor-notes/jvmMain/NativeCursorCallback.csv,pending
46,jvmMain,,NativeIndexBuffer.kt,src/jvmMain/kotlin/NativeIndexBuffer.kt,refactor-notes/jvmMain/NativeIndexBuffer.csv,pending
46,jvmMain,,NativeLibraryState.kt,src/jvmMain/kotlin/NativeLibraryState.kt,refactor-notes/jvmMain/NativeLibraryState.csv,pending
46,jvmMain,,NativeLibraryUnloader.kt,src/jvmMain/kotlin/NativeLibraryUnloader.kt,refactor-notes/jvmMain/NativeLibraryUnloader.csv,pending
46,jvmMain,,NativeRenderNode.kt,src/jvmMain/kotlin/NativeRenderNode.kt,refactor-notes/jvmMain/NativeRenderNode.csv,pending
46,jvmMain,,NativeRenderer.kt,src/jvmMain/kotlin/NativeRenderer.kt,refactor-notes/jvmMain/NativeRenderer.csv,pending
47,jvmMain,,NativeShaderProgram.kt,src/jvmMain/kotlin/NativeShaderProgram.kt,refactor-notes/jvmMain/NativeShaderProgram.csv,pending
47,jvmMain,,NativeSoundOutput.kt,src/jvmMain/kotlin/NativeSoundOutput.kt,refactor-notes/jvmMain/NativeSoundOutput.csv,pending
47,jvmMain,,NativeSprite.kt,src/jvmMain/kotlin/NativeSprite.kt,refactor-notes/jvmMain/NativeSprite.csv,pending
47,jvmMain,,NativeTerrainTile.kt,src/jvmMain/kotlin/NativeTerrainTile.kt,refactor-notes/jvmMain/NativeTerrainTile.csv,pending
47,jvmMain,,NativeVertexBuffer.kt,src/jvmMain/kotlin/NativeVertexBuffer.kt,refactor-notes/jvmMain/NativeVertexBuffer.csv,pending
47,jvmMain,,NioByteStore.kt,src/jvmMain/kotlin/NioByteStore.kt,refactor-notes/jvmMain/NioByteStore.csv,pending
47,jvmMain,,NoOpGraphicsOptionState.kt,src/jvmMain/kotlin/NoOpGraphicsOptionState.kt,refactor-notes/jvmMain/NoOpGraphicsOptionState.csv,pending
47,jvmMain,,NodeDequeHolder.kt,src/jvmMain/kotlin/NodeDequeHolder.kt,refactor-notes/jvmMain/NodeDequeHolder.csv,pending
47,jvmMain,,NodeDequeStatics.kt,src/jvmMain/kotlin/NodeDequeStatics.kt,refactor-notes/jvmMain/NodeDequeStatics.csv,pending
47,jvmMain,,NoiseTextureGenerator.kt,src/jvmMain/kotlin/NoiseTextureGenerator.kt,refactor-notes/jvmMain/NoiseTextureGenerator.csv,pending
48,jvmMain,,NoiseTextureNode.kt,src/jvmMain/kotlin/NoiseTextureNode.kt,refactor-notes/jvmMain/NoiseTextureNode.csv,pending
48,jvmMain,,NormalMapGenerator.kt,src/jvmMain/kotlin/NormalMapGenerator.kt,refactor-notes/jvmMain/NormalMapGenerator.csv,pending
48,jvmMain,,NormalMapTextureNode.kt,src/jvmMain/kotlin/NormalMapTextureNode.kt,refactor-notes/jvmMain/NormalMapTextureNode.csv,pending
48,jvmMain,,Npc.kt,src/jvmMain/kotlin/Npc.kt,refactor-notes/jvmMain/Npc.csv,pending
48,jvmMain,,NpcActorEntity.kt,src/jvmMain/kotlin/NpcActorEntity.kt,refactor-notes/jvmMain/NpcActorEntity.csv,pending
48,jvmMain,,NpcAnimationResolver.kt,src/jvmMain/kotlin/NpcAnimationResolver.kt,refactor-notes/jvmMain/NpcAnimationResolver.csv,pending
48,jvmMain,,NpcConfig.kt,src/jvmMain/kotlin/NpcConfig.kt,refactor-notes/jvmMain/NpcConfig.csv,pending
48,jvmMain,,NpcCountAccessor.kt,src/jvmMain/kotlin/NpcCountAccessor.kt,refactor-notes/jvmMain/NpcCountAccessor.csv,pending
48,jvmMain,,NpcDefinition.kt,src/jvmMain/kotlin/NpcDefinition.kt,refactor-notes/jvmMain/NpcDefinition.csv,pending
48,jvmMain,,NpcDefinitionCache.kt,src/jvmMain/kotlin/NpcDefinitionCache.kt,refactor-notes/jvmMain/NpcDefinitionCache.csv,pending
49,jvmMain,,NpcEntityUpdater.kt,src/jvmMain/kotlin/NpcEntityUpdater.kt,refactor-notes/jvmMain/NpcEntityUpdater.csv,pending
49,jvmMain,,NpcReference.kt,src/jvmMain/kotlin/NpcReference.kt,refactor-notes/jvmMain/NpcReference.csv,pending
49,jvmMain,,NpcSpawnDecoder.kt,src/jvmMain/kotlin/NpcSpawnDecoder.kt,refactor-notes/jvmMain/NpcSpawnDecoder.csv,pending
49,jvmMain,,NpcSummaryDefinition.kt,src/jvmMain/kotlin/NpcSummaryDefinition.kt,refactor-notes/jvmMain/NpcSummaryDefinition.csv,pending
49,jvmMain,,NpcType.kt,src/jvmMain/kotlin/NpcType.kt,refactor-notes/jvmMain/NpcType.csv,pending
49,jvmMain,,NpcUpdateProcessor.kt,src/jvmMain/kotlin/NpcUpdateProcessor.kt,refactor-notes/jvmMain/NpcUpdateProcessor.csv,pending
49,jvmMain,,NullOggStream.kt,src/jvmMain/kotlin/NullOggStream.kt,refactor-notes/jvmMain/NullOggStream.csv,pending
49,jvmMain,,NullRenderPass.kt,src/jvmMain/kotlin/NullRenderPass.kt,refactor-notes/jvmMain/NullRenderPass.csv,pending
49,jvmMain,,OSInfo.kt,src/jvmMain/kotlin/OSInfo.kt,refactor-notes/jvmMain/OSInfo.csv,pending
49,jvmMain,,ObjectByteSerializerHolder.kt,src/jvmMain/kotlin/ObjectByteSerializerHolder.kt,refactor-notes/jvmMain/ObjectByteSerializerHolder.csv,pending
50,jvmMain,,ObjectSpawnDecoder.kt,src/jvmMain/kotlin/ObjectSpawnDecoder.kt,refactor-notes/jvmMain/ObjectSpawnDecoder.csv,pending
50,jvmMain,,OggBitstreamDecoder.kt,src/jvmMain/kotlin/OggBitstreamDecoder.kt,refactor-notes/jvmMain/OggBitstreamDecoder.csv,pending
50,jvmMain,,OggCacheStream.kt,src/jvmMain/kotlin/OggCacheStream.kt,refactor-notes/jvmMain/OggCacheStream.csv,pending
50,jvmMain,,OggMediaStream.kt,src/jvmMain/kotlin/OggMediaStream.kt,refactor-notes/jvmMain/OggMediaStream.csv,pending
50,jvmMain,,OpenGlModel.kt,src/jvmMain/kotlin/OpenGlModel.kt,refactor-notes/jvmMain/OpenGlModel.csv,pending
50,jvmMain,,OpenGlRenderNode.kt,src/jvmMain/kotlin/OpenGlRenderNode.kt,refactor-notes/jvmMain/OpenGlRenderNode.csv,pending
50,jvmMain,,OpenGlRenderer.kt,src/jvmMain/kotlin/OpenGlRenderer.kt,refactor-notes/jvmMain/OpenGlRenderer.csv,pending
50,jvmMain,,OpenGlTerrainTile.kt,src/jvmMain/kotlin/OpenGlTerrainTile.kt,refactor-notes/jvmMain/OpenGlTerrainTile.csv,pending
50,jvmMain,,OrientationRotator.kt,src/jvmMain/kotlin/OrientationRotator.kt,refactor-notes/jvmMain/OrientationRotator.csv,pending
50,jvmMain,,OutgoingPacketNode.kt,src/jvmMain/kotlin/OutgoingPacketNode.kt,refactor-notes/jvmMain/OutgoingPacketNode.csv,pending
51,jvmMain,,OverlayColorTable.kt,src/jvmMain/kotlin/OverlayColorTable.kt,refactor-notes/jvmMain/OverlayColorTable.csv,pending
51,jvmMain,,PackedFlagsAccessor.kt,src/jvmMain/kotlin/PackedFlagsAccessor.kt,refactor-notes/jvmMain/PackedFlagsAccessor.csv,pending
51,jvmMain,,ParamMap.kt,src/jvmMain/kotlin/ParamMap.kt,refactor-notes/jvmMain/ParamMap.csv,pending
51,jvmMain,,ParameterizedText.kt,src/jvmMain/kotlin/ParameterizedText.kt,refactor-notes/jvmMain/ParameterizedText.csv,pending
51,jvmMain,,ParserSpecialCharsHolder.kt,src/jvmMain/kotlin/ParserSpecialCharsHolder.kt,refactor-notes/jvmMain/ParserSpecialCharsHolder.csv,pending
51,jvmMain,,ParticleAmountCache.kt,src/jvmMain/kotlin/ParticleAmountCache.kt,refactor-notes/jvmMain/ParticleAmountCache.csv,pending
51,jvmMain,,ParticleAmountConfig.kt,src/jvmMain/kotlin/ParticleAmountConfig.kt,refactor-notes/jvmMain/ParticleAmountConfig.csv,pending
51,jvmMain,,ParticleConfigParser.kt,src/jvmMain/kotlin/ParticleConfigParser.kt,refactor-notes/jvmMain/ParticleConfigParser.csv,pending
51,jvmMain,,ParticleDefLoader.kt,src/jvmMain/kotlin/ParticleDefLoader.kt,refactor-notes/jvmMain/ParticleDefLoader.csv,pending
51,jvmMain,,ParticleDetailOptionState.kt,src/jvmMain/kotlin/ParticleDetailOptionState.kt,refactor-notes/jvmMain/ParticleDetailOptionState.csv,pending
52,jvmMain,,ParticleEffectCache.kt,src/jvmMain/kotlin/ParticleEffectCache.kt,refactor-notes/jvmMain/ParticleEffectCache.csv,pending
52,jvmMain,,ParticleEmitterDef.kt,src/jvmMain/kotlin/ParticleEmitterDef.kt,refactor-notes/jvmMain/ParticleEmitterDef.csv,pending
52,jvmMain,,ParticleEmitterDefExt.kt,src/jvmMain/kotlin/ParticleEmitterDefExt.kt,refactor-notes/jvmMain/ParticleEmitterDefExt.csv,pending
52,jvmMain,,ParticleEmitterFactoryStatics.kt,src/jvmMain/kotlin/ParticleEmitterFactoryStatics.kt,refactor-notes/jvmMain/ParticleEmitterFactoryStatics.csv,pending
52,jvmMain,,ParticleEmitterListNode.kt,src/jvmMain/kotlin/ParticleEmitterListNode.kt,refactor-notes/jvmMain/ParticleEmitterListNode.csv,pending
52,jvmMain,,ParticleEmitterNode.kt,src/jvmMain/kotlin/ParticleEmitterNode.kt,refactor-notes/jvmMain/ParticleEmitterNode.csv,pending
52,jvmMain,,ParticleGeometry.kt,src/jvmMain/kotlin/ParticleGeometry.kt,refactor-notes/jvmMain/ParticleGeometry.csv,pending
52,jvmMain,,ParticleProcessor.kt,src/jvmMain/kotlin/ParticleProcessor.kt,refactor-notes/jvmMain/ParticleProcessor.csv,pending
52,jvmMain,,ParticleSortRenderer.kt,src/jvmMain/kotlin/ParticleSortRenderer.kt,refactor-notes/jvmMain/ParticleSortRenderer.csv,pending
52,jvmMain,,ParticleSystemRenderer.kt,src/jvmMain/kotlin/ParticleSystemRenderer.kt,refactor-notes/jvmMain/ParticleSystemRenderer.csv,pending
53,jvmMain,,ParticleSystemState.kt,src/jvmMain/kotlin/ParticleSystemState.kt,refactor-notes/jvmMain/ParticleSystemState.csv,pending
53,jvmMain,,ParticleTileShape.kt,src/jvmMain/kotlin/ParticleTileShape.kt,refactor-notes/jvmMain/ParticleTileShape.csv,pending
53,jvmMain,,PcmSampleData.kt,src/jvmMain/kotlin/PcmSampleData.kt,refactor-notes/jvmMain/PcmSampleData.csv,pending
53,jvmMain,,PcmStreamBuffer.kt,src/jvmMain/kotlin/PcmStreamBuffer.kt,refactor-notes/jvmMain/PcmStreamBuffer.csv,pending
53,jvmMain,,PerlinNoiseTextureNode.kt,src/jvmMain/kotlin/PerlinNoiseTextureNode.kt,refactor-notes/jvmMain/PerlinNoiseTextureNode.csv,pending
53,jvmMain,,PerlinTextureProvider.kt,src/jvmMain/kotlin/PerlinTextureProvider.kt,refactor-notes/jvmMain/PerlinTextureProvider.csv,pending
53,jvmMain,,PingHostListHolder.kt,src/jvmMain/kotlin/PingHostListHolder.kt,refactor-notes/jvmMain/PingHostListHolder.csv,pending
53,jvmMain,,PixelBlender.kt,src/jvmMain/kotlin/PixelBlender.kt,refactor-notes/jvmMain/PixelBlender.csv,pending
53,jvmMain,,Player.kt,src/jvmMain/kotlin/Player.kt,refactor-notes/jvmMain/Player.csv,pending
53,jvmMain,,PlayerAppearanceUpdateDecoder.kt,src/jvmMain/kotlin/PlayerAppearanceUpdateDecoder.kt,refactor-notes/jvmMain/PlayerAppearanceUpdateDecoder.csv,pending
54,jvmMain,,PlayerSequenceSelector.kt,src/jvmMain/kotlin/PlayerSequenceSelector.kt,refactor-notes/jvmMain/PlayerSequenceSelector.csv,pending
54,jvmMain,,PlayerUpdateDecoder.kt,src/jvmMain/kotlin/PlayerUpdateDecoder.kt,refactor-notes/jvmMain/PlayerUpdateDecoder.csv,pending
54,jvmMain,,PolygonFiller.kt,src/jvmMain/kotlin/PolygonFiller.kt,refactor-notes/jvmMain/PolygonFiller.csv,pending
54,jvmMain,,PositionedSceneNode.kt,src/jvmMain/kotlin/PositionedSceneNode.kt,refactor-notes/jvmMain/PositionedSceneNode.csv,pending
54,jvmMain,,PrivilegedOperationWorker.kt,src/jvmMain/kotlin/PrivilegedOperationWorker.kt,refactor-notes/jvmMain/PrivilegedOperationWorker.csv,pending
54,jvmMain,,ProceduralTextureGraph.kt,src/jvmMain/kotlin/ProceduralTextureGraph.kt,refactor-notes/jvmMain/ProceduralTextureGraph.csv,pending
54,jvmMain,,ProducerImageSurface.kt,src/jvmMain/kotlin/ProducerImageSurface.kt,refactor-notes/jvmMain/ProducerImageSurface.csv,pending
54,jvmMain,,ProjectedGroundDecor.kt,src/jvmMain/kotlin/ProjectedGroundDecor.kt,refactor-notes/jvmMain/ProjectedGroundDecor.csv,pending
54,jvmMain,,ProjectileConfigUtil.kt,src/jvmMain/kotlin/ProjectileConfigUtil.kt,refactor-notes/jvmMain/ProjectileConfigUtil.csv,pending
54,jvmMain,,ProjectileDefinition.kt,src/jvmMain/kotlin/ProjectileDefinition.kt,refactor-notes/jvmMain/ProjectileDefinition.csv,pending
55,jvmMain,,ProjectileNode.kt,src/jvmMain/kotlin/ProjectileNode.kt,refactor-notes/jvmMain/ProjectileNode.csv,pending
55,jvmMain,,ProjectileSpawner.kt,src/jvmMain/kotlin/ProjectileSpawner.kt,refactor-notes/jvmMain/ProjectileSpawner.csv,pending
55,jvmMain,,ProjectionCameraTransform.kt,src/jvmMain/kotlin/ProjectionCameraTransform.kt,refactor-notes/jvmMain/ProjectionCameraTransform.csv,pending
55,jvmMain,,ProportionalScrollbarComponent.kt,src/jvmMain/kotlin/ProportionalScrollbarComponent.kt,refactor-notes/jvmMain/ProportionalScrollbarComponent.csv,pending
55,jvmMain,,ProxySocketFactory.kt,src/jvmMain/kotlin/ProxySocketFactory.kt,refactor-notes/jvmMain/ProxySocketFactory.csv,pending
55,jvmMain,,RSFont.kt,src/jvmMain/kotlin/RSFont.kt,refactor-notes/jvmMain/RSFont.csv,pending
55,jvmMain,,RadialGradientMaskEffect.kt,src/jvmMain/kotlin/RadialGradientMaskEffect.kt,refactor-notes/jvmMain/RadialGradientMaskEffect.csv,pending
55,jvmMain,,RadialTextureNode.kt,src/jvmMain/kotlin/RadialTextureNode.kt,refactor-notes/jvmMain/RadialTextureNode.csv,pending
55,jvmMain,,RandomAccessFileOnDisk.kt,src/jvmMain/kotlin/RandomAccessFileOnDisk.kt,refactor-notes/jvmMain/RandomAccessFileOnDisk.csv,pending
55,jvmMain,,RangeThresholdTextureNode.kt,src/jvmMain/kotlin/RangeThresholdTextureNode.kt,refactor-notes/jvmMain/RangeThresholdTextureNode.csv,pending
56,jvmMain,,RangedGraphicsOptionState.kt,src/jvmMain/kotlin/RangedGraphicsOptionState.kt,refactor-notes/jvmMain/RangedGraphicsOptionState.csv,pending
56,jvmMain,,RasterSprite.kt,src/jvmMain/kotlin/RasterSprite.kt,refactor-notes/jvmMain/RasterSprite.csv,pending
56,jvmMain,,Rectangle.kt,src/jvmMain/kotlin/Rectangle.kt,refactor-notes/jvmMain/Rectangle.csv,pending
56,jvmMain,,RefCountedHandle.kt,src/jvmMain/kotlin/RefCountedHandle.kt,refactor-notes/jvmMain/RefCountedHandle.csv,pending
56,jvmMain,,RegionMapDecoder.kt,src/jvmMain/kotlin/RegionMapDecoder.kt,refactor-notes/jvmMain/RegionMapDecoder.csv,pending
56,jvmMain,,RegionSceneLoader.kt,src/jvmMain/kotlin/RegionSceneLoader.kt,refactor-notes/jvmMain/RegionSceneLoader.csv,pending
56,jvmMain,,RegionSceneShifter.kt,src/jvmMain/kotlin/RegionSceneShifter.kt,refactor-notes/jvmMain/RegionSceneShifter.csv,pending
56,jvmMain,,RegionTileNode.kt,src/jvmMain/kotlin/RegionTileNode.kt,refactor-notes/jvmMain/RegionTileNode.csv,pending
56,jvmMain,,RemoveRoofsOptionState.kt,src/jvmMain/kotlin/RemoveRoofsOptionState.kt,refactor-notes/jvmMain/RemoveRoofsOptionState.csv,pending
56,jvmMain,,RenderConfigFactory.kt,src/jvmMain/kotlin/RenderConfigFactory.kt,refactor-notes/jvmMain/RenderConfigFactory.csv,pending
57,jvmMain,,RenderListTextureNode.kt,src/jvmMain/kotlin/RenderListTextureNode.kt,refactor-notes/jvmMain/RenderListTextureNode.csv,pending
57,jvmMain,,RenderNodeStatics.kt,src/jvmMain/kotlin/RenderNodeStatics.kt,refactor-notes/jvmMain/RenderNodeStatics.csv,pending
57,jvmMain,,RenderQueueState.kt,src/jvmMain/kotlin/RenderQueueState.kt,refactor-notes/jvmMain/RenderQueueState.csv,pending
57,jvmMain,,RenderTarget.kt,src/jvmMain/kotlin/RenderTarget.kt,refactor-notes/jvmMain/RenderTarget.csv,pending
57,jvmMain,,RenderableEntry.kt,src/jvmMain/kotlin/RenderableEntry.kt,refactor-notes/jvmMain/RenderableEntry.csv,pending
57,jvmMain,,RenderableGroup.kt,src/jvmMain/kotlin/RenderableGroup.kt,refactor-notes/jvmMain/RenderableGroup.csv,pending
57,jvmMain,,RenderbufferObject.kt,src/jvmMain/kotlin/RenderbufferObject.kt,refactor-notes/jvmMain/RenderbufferObject.csv,pending
57,jvmMain,,Renderer.kt,src/jvmMain/kotlin/Renderer.kt,refactor-notes/jvmMain/Renderer.csv,pending
57,jvmMain,,RequestGate.kt,src/jvmMain/kotlin/RequestGate.kt,refactor-notes/jvmMain/RequestGate.csv,pending
57,jvmMain,,ResourceLoaderThread.kt,src/jvmMain/kotlin/ResourceLoaderThread.kt,refactor-notes/jvmMain/ResourceLoaderThread.csv,pending
58,jvmMain,,RgbNoiseTexture.kt,src/jvmMain/kotlin/RgbNoiseTexture.kt,refactor-notes/jvmMain/RgbNoiseTexture.csv,pending
58,jvmMain,,RingBufferInputStream.kt,src/jvmMain/kotlin/RingBufferInputStream.kt,refactor-notes/jvmMain/RingBufferInputStream.csv,pending
58,jvmMain,,RobotMouseController.kt,src/jvmMain/kotlin/RobotMouseController.kt,refactor-notes/jvmMain/RobotMouseController.csv,pending
58,jvmMain,,RsaPacketDecoder.kt,src/jvmMain/kotlin/RsaPacketDecoder.kt,refactor-notes/jvmMain/RsaPacketDecoder.csv,pending
58,jvmMain,,RsaVarbitHandler.kt,src/jvmMain/kotlin/RsaVarbitHandler.kt,refactor-notes/jvmMain/RsaVarbitHandler.csv,pending
58,jvmMain,,SampledVoice.kt,src/jvmMain/kotlin/SampledVoice.kt,refactor-notes/jvmMain/SampledVoice.csv,pending
58,jvmMain,,ScanlineRasterFiller.kt,src/jvmMain/kotlin/ScanlineRasterFiller.kt,refactor-notes/jvmMain/ScanlineRasterFiller.csv,pending
58,jvmMain,,ScatterTextureNode.kt,src/jvmMain/kotlin/ScatterTextureNode.kt,refactor-notes/jvmMain/ScatterTextureNode.csv,pending
58,jvmMain,,SceneCollisionEntry.kt,src/jvmMain/kotlin/SceneCollisionEntry.kt,refactor-notes/jvmMain/SceneCollisionEntry.csv,pending
58,jvmMain,,SceneEffectMarker.kt,src/jvmMain/kotlin/SceneEffectMarker.kt,refactor-notes/jvmMain/SceneEffectMarker.csv,pending
59,jvmMain,,SceneEntity.kt,src/jvmMain/kotlin/SceneEntity.kt,refactor-notes/jvmMain/SceneEntity.csv,pending
59,jvmMain,,SceneEntityModel.kt,src/jvmMain/kotlin/SceneEntityModel.kt,refactor-notes/jvmMain/SceneEntityModel.csv,pending
59,jvmMain,,SceneGraphContainer.kt,src/jvmMain/kotlin/SceneGraphContainer.kt,refactor-notes/jvmMain/SceneGraphContainer.csv,pending
59,jvmMain,,SceneListNode.kt,src/jvmMain/kotlin/SceneListNode.kt,refactor-notes/jvmMain/SceneListNode.csv,pending
59,jvmMain,,SceneLoaderThread.kt,src/jvmMain/kotlin/SceneLoaderThread.kt,refactor-notes/jvmMain/SceneLoaderThread.csv,pending
59,jvmMain,,SceneModelBuilder.kt,src/jvmMain/kotlin/SceneModelBuilder.kt,refactor-notes/jvmMain/SceneModelBuilder.csv,pending
59,jvmMain,,SceneNodeDeque.kt,src/jvmMain/kotlin/SceneNodeDeque.kt,refactor-notes/jvmMain/SceneNodeDeque.csv,pending
59,jvmMain,,SceneObjectAnimator.kt,src/jvmMain/kotlin/SceneObjectAnimator.kt,refactor-notes/jvmMain/SceneObjectAnimator.csv,pending
59,jvmMain,,SceneObjectEntity.kt,src/jvmMain/kotlin/SceneObjectEntity.kt,refactor-notes/jvmMain/SceneObjectEntity.csv,pending
59,jvmMain,,SceneObjectSpawner.kt,src/jvmMain/kotlin/SceneObjectSpawner.kt,refactor-notes/jvmMain/SceneObjectSpawner.csv,pending
60,jvmMain,,SceneRegionState.kt,src/jvmMain/kotlin/SceneRegionState.kt,refactor-notes/jvmMain/SceneRegionState.csv,pending
60,jvmMain,,SceneTextLabel.kt,src/jvmMain/kotlin/SceneTextLabel.kt,refactor-notes/jvmMain/SceneTextLabel.csv,pending
60,jvmMain,,SceneTileBounds.kt,src/jvmMain/kotlin/SceneTileBounds.kt,refactor-notes/jvmMain/SceneTileBounds.csv,pending
60,jvmMain,,SceneTilePlaneManager.kt,src/jvmMain/kotlin/SceneTilePlaneManager.kt,refactor-notes/jvmMain/SceneTilePlaneManager.csv,pending
60,jvmMain,,SceneryDetailOptionState.kt,src/jvmMain/kotlin/SceneryDetailOptionState.kt,refactor-notes/jvmMain/SceneryDetailOptionState.csv,pending
60,jvmMain,,ScreenAnchorAlignment.kt,src/jvmMain/kotlin/ScreenAnchorAlignment.kt,refactor-notes/jvmMain/ScreenAnchorAlignment.csv,pending
60,jvmMain,,ScreenBorderFiller.kt,src/jvmMain/kotlin/ScreenBorderFiller.kt,refactor-notes/jvmMain/ScreenBorderFiller.csv,pending
60,jvmMain,,ScriptCompilerThread.kt,src/jvmMain/kotlin/ScriptCompilerThread.kt,refactor-notes/jvmMain/ScriptCompilerThread.csv,pending
60,jvmMain,,ScriptOpcodeHolder.kt,src/jvmMain/kotlin/ScriptOpcodeHolder.kt,refactor-notes/jvmMain/ScriptOpcodeHolder.csv,pending
60,jvmMain,,ScriptResources.kt,src/jvmMain/kotlin/ScriptResources.kt,refactor-notes/jvmMain/ScriptResources.csv,pending
61,jvmMain,,ScrollTexMaterialPass.kt,src/jvmMain/kotlin/ScrollTexMaterialPass.kt,refactor-notes/jvmMain/ScrollTexMaterialPass.csv,pending
61,jvmMain,,ScrollbarComponent.kt,src/jvmMain/kotlin/ScrollbarComponent.kt,refactor-notes/jvmMain/ScrollbarComponent.csv,pending
61,jvmMain,,ScrollingNoiseTexture.kt,src/jvmMain/kotlin/ScrollingNoiseTexture.kt,refactor-notes/jvmMain/ScrollingNoiseTexture.csv,pending
61,jvmMain,,ScrollingWidgetComponentNode.kt,src/jvmMain/kotlin/ScrollingWidgetComponentNode.kt,refactor-notes/jvmMain/ScrollingWidgetComponentNode.csv,pending
61,jvmMain,,SeqDefinitionCache.kt,src/jvmMain/kotlin/SeqDefinitionCache.kt,refactor-notes/jvmMain/SeqDefinitionCache.csv,pending
61,jvmMain,,SequencedActorEntity.kt,src/jvmMain/kotlin/SequencedActorEntity.kt,refactor-notes/jvmMain/SequencedActorEntity.csv,pending
61,jvmMain,,SequencedGroundDecor.kt,src/jvmMain/kotlin/SequencedGroundDecor.kt,refactor-notes/jvmMain/SequencedGroundDecor.csv,pending
61,jvmMain,,SequencedWallEntity.kt,src/jvmMain/kotlin/SequencedWallEntity.kt,refactor-notes/jvmMain/SequencedWallEntity.csv,pending
61,jvmMain,,ServerConnectionInfo.kt,src/jvmMain/kotlin/ServerConnectionInfo.kt,refactor-notes/jvmMain/ServerConnectionInfo.csv,pending
61,jvmMain,,SettingsCrcWriter.kt,src/jvmMain/kotlin/SettingsCrcWriter.kt,refactor-notes/jvmMain/SettingsCrcWriter.csv,pending
62,jvmMain,,ShaderObject.kt,src/jvmMain/kotlin/ShaderObject.kt,refactor-notes/jvmMain/ShaderObject.csv,pending
62,jvmMain,,ShaderProgram.kt,src/jvmMain/kotlin/ShaderProgram.kt,refactor-notes/jvmMain/ShaderProgram.csv,pending
62,jvmMain,,ShaderState.kt,src/jvmMain/kotlin/ShaderState.kt,refactor-notes/jvmMain/ShaderState.csv,pending
62,jvmMain,,ShaderStateVariant.kt,src/jvmMain/kotlin/ShaderStateVariant.kt,refactor-notes/jvmMain/ShaderStateVariant.csv,pending
62,jvmMain,,ShadowProjector.kt,src/jvmMain/kotlin/ShadowProjector.kt,refactor-notes/jvmMain/ShadowProjector.csv,pending
62,jvmMain,,ShadowQualityOptionState.kt,src/jvmMain/kotlin/ShadowQualityOptionState.kt,refactor-notes/jvmMain/ShadowQualityOptionState.csv,pending
62,jvmMain,,ShortByteArrayPair.kt,src/jvmMain/kotlin/ShortByteArrayPair.kt,refactor-notes/jvmMain/ShortByteArrayPair.csv,pending
62,jvmMain,,ShortKeyNode.kt,src/jvmMain/kotlin/ShortKeyNode.kt,refactor-notes/jvmMain/ShortKeyNode.csv,pending
62,jvmMain,,ShortMatrixNode.kt,src/jvmMain/kotlin/ShortMatrixNode.kt,refactor-notes/jvmMain/ShortMatrixNode.csv,pending
62,jvmMain,,SimpleBinaryOptionState.kt,src/jvmMain/kotlin/SimpleBinaryOptionState.kt,refactor-notes/jvmMain/SimpleBinaryOptionState.csv,pending
63,jvmMain,,SimpleToggleOptionState.kt,src/jvmMain/kotlin/SimpleToggleOptionState.kt,refactor-notes/jvmMain/SimpleToggleOptionState.csv,pending
63,jvmMain,,SineWaveTextureNode.kt,src/jvmMain/kotlin/SineWaveTextureNode.kt,refactor-notes/jvmMain/SineWaveTextureNode.csv,pending
63,jvmMain,,SingletonMarker.kt,src/jvmMain/kotlin/SingletonMarker.kt,refactor-notes/jvmMain/SingletonMarker.csv,pending
63,jvmMain,,SizeBoundedSoftCache.kt,src/jvmMain/kotlin/SizeBoundedSoftCache.kt,refactor-notes/jvmMain/SizeBoundedSoftCache.csv,pending
63,jvmMain,,SkeletalAnimFrameData.kt,src/jvmMain/kotlin/SkeletalAnimFrameData.kt,refactor-notes/jvmMain/SkeletalAnimFrameData.csv,pending
63,jvmMain,,SkeletalAnimFrameLoader.kt,src/jvmMain/kotlin/SkeletalAnimFrameLoader.kt,refactor-notes/jvmMain/SkeletalAnimFrameLoader.csv,pending
63,jvmMain,,SkeletonSequenceLoader.kt,src/jvmMain/kotlin/SkeletonSequenceLoader.kt,refactor-notes/jvmMain/SkeletonSequenceLoader.csv,pending
63,jvmMain,,SkyboxGradient.kt,src/jvmMain/kotlin/SkyboxGradient.kt,refactor-notes/jvmMain/SkyboxGradient.csv,pending
63,jvmMain,,SlotBinding.kt,src/jvmMain/kotlin/SlotBinding.kt,refactor-notes/jvmMain/SlotBinding.csv,pending
63,jvmMain,,SmoothingBuffer.kt,src/jvmMain/kotlin/SmoothingBuffer.kt,refactor-notes/jvmMain/SmoothingBuffer.csv,pending
64,jvmMain,,SocketFactory.kt,src/jvmMain/kotlin/SocketFactory.kt,refactor-notes/jvmMain/SocketFactory.csv,pending
64,jvmMain,,SocketGameConnection.kt,src/jvmMain/kotlin/SocketGameConnection.kt,refactor-notes/jvmMain/SocketGameConnection.csv,pending
64,jvmMain,,SocketStreamWorker.kt,src/jvmMain/kotlin/SocketStreamWorker.kt,refactor-notes/jvmMain/SocketStreamWorker.csv,pending
64,jvmMain,,SoftKeyedCacheEntryReference.kt,src/jvmMain/kotlin/SoftKeyedCacheEntryReference.kt,refactor-notes/jvmMain/SoftKeyedCacheEntryReference.csv,pending
64,jvmMain,,SoftRef.jvm.kt,src/jvmMain/kotlin/SoftRef.jvm.kt,refactor-notes/jvmMain/SoftRef.jvm.csv,pending
64,jvmMain,,SoftwareAlphaSpriteRenderer.kt,src/jvmMain/kotlin/SoftwareAlphaSpriteRenderer.kt,refactor-notes/jvmMain/SoftwareAlphaSpriteRenderer.csv,pending
64,jvmMain,,SoftwareFontAlpha.kt,src/jvmMain/kotlin/SoftwareFontAlpha.kt,refactor-notes/jvmMain/SoftwareFontAlpha.csv,pending
64,jvmMain,,SoftwareFontPalette.kt,src/jvmMain/kotlin/SoftwareFontPalette.kt,refactor-notes/jvmMain/SoftwareFontPalette.csv,pending
64,jvmMain,,SoftwareFontPlain.kt,src/jvmMain/kotlin/SoftwareFontPlain.kt,refactor-notes/jvmMain/SoftwareFontPlain.csv,pending
64,jvmMain,,SoftwareModel.kt,src/jvmMain/kotlin/SoftwareModel.kt,refactor-notes/jvmMain/SoftwareModel.csv,pending
65,jvmMain,,SoftwareModelRenderer.kt,src/jvmMain/kotlin/SoftwareModelRenderer.kt,refactor-notes/jvmMain/SoftwareModelRenderer.csv,pending
65,jvmMain,,SoftwarePalettedSpriteRenderer.kt,src/jvmMain/kotlin/SoftwarePalettedSpriteRenderer.kt,refactor-notes/jvmMain/SoftwarePalettedSpriteRenderer.csv,pending
65,jvmMain,,SoftwareRenderer.kt,src/jvmMain/kotlin/SoftwareRenderer.kt,refactor-notes/jvmMain/SoftwareRenderer.csv,pending
65,jvmMain,,SoftwareRgbSpriteRenderer.kt,src/jvmMain/kotlin/SoftwareRgbSpriteRenderer.kt,refactor-notes/jvmMain/SoftwareRgbSpriteRenderer.csv,pending
65,jvmMain,,SoftwareSpriteRaster.kt,src/jvmMain/kotlin/SoftwareSpriteRaster.kt,refactor-notes/jvmMain/SoftwareSpriteRaster.csv,pending
65,jvmMain,,SoftwareTerrainTile.kt,src/jvmMain/kotlin/SoftwareTerrainTile.kt,refactor-notes/jvmMain/SoftwareTerrainTile.csv,pending
65,jvmMain,,SolidFillComponent.kt,src/jvmMain/kotlin/SolidFillComponent.kt,refactor-notes/jvmMain/SolidFillComponent.csv,pending
65,jvmMain,,SoundBankPatch.kt,src/jvmMain/kotlin/SoundBankPatch.kt,refactor-notes/jvmMain/SoundBankPatch.csv,pending
65,jvmMain,,SoundCacheState.kt,src/jvmMain/kotlin/SoundCacheState.kt,refactor-notes/jvmMain/SoundCacheState.csv,pending
65,jvmMain,,SoundChannelMixer.kt,src/jvmMain/kotlin/SoundChannelMixer.kt,refactor-notes/jvmMain/SoundChannelMixer.csv,pending
66,jvmMain,,SoundEngineInitializer.kt,src/jvmMain/kotlin/SoundEngineInitializer.kt,refactor-notes/jvmMain/SoundEngineInitializer.csv,pending
66,jvmMain,,SoundEnvelope.kt,src/jvmMain/kotlin/SoundEnvelope.kt,refactor-notes/jvmMain/SoundEnvelope.csv,pending
66,jvmMain,,SourceRowTextureNode.kt,src/jvmMain/kotlin/SourceRowTextureNode.kt,refactor-notes/jvmMain/SourceRowTextureNode.csv,pending
66,jvmMain,,SphereMapMaterialPass.kt,src/jvmMain/kotlin/SphereMapMaterialPass.kt,refactor-notes/jvmMain/SphereMapMaterialPass.csv,pending
66,jvmMain,,SplashImageLoadable.kt,src/jvmMain/kotlin/SplashImageLoadable.kt,refactor-notes/jvmMain/SplashImageLoadable.csv,pending
66,jvmMain,,SpotAnimEntity.kt,src/jvmMain/kotlin/SpotAnimEntity.kt,refactor-notes/jvmMain/SpotAnimEntity.csv,pending
66,jvmMain,,SpriteArchiveLoader.kt,src/jvmMain/kotlin/SpriteArchiveLoader.kt,refactor-notes/jvmMain/SpriteArchiveLoader.csv,pending
66,jvmMain,,SpriteBlitter.kt,src/jvmMain/kotlin/SpriteBlitter.kt,refactor-notes/jvmMain/SpriteBlitter.csv,pending
66,jvmMain,,SpriteComponent.kt,src/jvmMain/kotlin/SpriteComponent.kt,refactor-notes/jvmMain/SpriteComponent.csv,pending
66,jvmMain,,SpriteDefinition.kt,src/jvmMain/kotlin/SpriteDefinition.kt,refactor-notes/jvmMain/SpriteDefinition.csv,pending
67,jvmMain,,SpriteImage.kt,src/jvmMain/kotlin/SpriteImage.kt,refactor-notes/jvmMain/SpriteImage.csv,pending
67,jvmMain,,SpriteLoadValidator.kt,src/jvmMain/kotlin/SpriteLoadValidator.kt,refactor-notes/jvmMain/SpriteLoadValidator.csv,pending
67,jvmMain,,SpriteMaskShape.kt,src/jvmMain/kotlin/SpriteMaskShape.kt,refactor-notes/jvmMain/SpriteMaskShape.csv,pending
67,jvmMain,,SpriteRenderEntry.kt,src/jvmMain/kotlin/SpriteRenderEntry.kt,refactor-notes/jvmMain/SpriteRenderEntry.csv,pending
67,jvmMain,,SpriteRenderable.kt,src/jvmMain/kotlin/SpriteRenderable.kt,refactor-notes/jvmMain/SpriteRenderable.csv,pending
67,jvmMain,,SpriteRgbTextureNode.kt,src/jvmMain/kotlin/SpriteRgbTextureNode.kt,refactor-notes/jvmMain/SpriteRgbTextureNode.csv,pending
67,jvmMain,,SpriteStore.kt,src/jvmMain/kotlin/SpriteStore.kt,refactor-notes/jvmMain/SpriteStore.csv,pending
67,jvmMain,,SpriteTextureData.kt,src/jvmMain/kotlin/SpriteTextureData.kt,refactor-notes/jvmMain/SpriteTextureData.csv,pending
67,jvmMain,,SpriteTextureNode.kt,src/jvmMain/kotlin/SpriteTextureNode.kt,refactor-notes/jvmMain/SpriteTextureNode.csv,pending
67,jvmMain,,StaticNoiseTexture.kt,src/jvmMain/kotlin/StaticNoiseTexture.kt,refactor-notes/jvmMain/StaticNoiseTexture.csv,pending
68,jvmMain,,StreamingResourceRequest.kt,src/jvmMain/kotlin/StreamingResourceRequest.kt,refactor-notes/jvmMain/StreamingResourceRequest.csv,pending
68,jvmMain,,StringCacheNode.kt,src/jvmMain/kotlin/StringCacheNode.kt,refactor-notes/jvmMain/StringCacheNode.csv,pending
68,jvmMain,,StringValueNode.kt,src/jvmMain/kotlin/StringValueNode.kt,refactor-notes/jvmMain/StringValueNode.csv,pending
68,jvmMain,,StructConfig.kt,src/jvmMain/kotlin/StructConfig.kt,refactor-notes/jvmMain/StructConfig.csv,pending
68,jvmMain,,SubsampledParticleProcessor.kt,src/jvmMain/kotlin/SubsampledParticleProcessor.kt,refactor-notes/jvmMain/SubsampledParticleProcessor.csv,pending
68,jvmMain,,SynthSoundGenerator.kt,src/jvmMain/kotlin/SynthSoundGenerator.kt,refactor-notes/jvmMain/SynthSoundGenerator.csv,pending
68,jvmMain,,SynthVoiceGroup.kt,src/jvmMain/kotlin/SynthVoiceGroup.kt,refactor-notes/jvmMain/SynthVoiceGroup.csv,pending
68,jvmMain,,SystemFontGlyphs.kt,src/jvmMain/kotlin/SystemFontGlyphs.kt,refactor-notes/jvmMain/SystemFontGlyphs.csv,pending
68,jvmMain,,SystemNanoTimer.kt,src/jvmMain/kotlin/SystemNanoTimer.kt,refactor-notes/jvmMain/SystemNanoTimer.csv,pending
68,jvmMain,,TerrainChunkBuilder.kt,src/jvmMain/kotlin/TerrainChunkBuilder.kt,refactor-notes/jvmMain/TerrainChunkBuilder.csv,pending
69,jvmMain,,TerrainShadowBuilderGl2.kt,src/jvmMain/kotlin/TerrainShadowBuilderGl2.kt,refactor-notes/jvmMain/TerrainShadowBuilderGl2.csv,pending
69,jvmMain,,TerrainShadowBuilderGl3.kt,src/jvmMain/kotlin/TerrainShadowBuilderGl3.kt,refactor-notes/jvmMain/TerrainShadowBuilderGl3.csv,pending
69,jvmMain,,TerrainTileData.kt,src/jvmMain/kotlin/TerrainTileData.kt,refactor-notes/jvmMain/TerrainTileData.csv,pending
69,jvmMain,,TerrainTileGeometry.kt,src/jvmMain/kotlin/TerrainTileGeometry.kt,refactor-notes/jvmMain/TerrainTileGeometry.csv,pending
69,jvmMain,,TerrainTileShape.kt,src/jvmMain/kotlin/TerrainTileShape.kt,refactor-notes/jvmMain/TerrainTileShape.csv,pending
69,jvmMain,,TerrainTileStatics.kt,src/jvmMain/kotlin/TerrainTileStatics.kt,refactor-notes/jvmMain/TerrainTileStatics.csv,pending
69,jvmMain,,TexGenMaterialPass.kt,src/jvmMain/kotlin/TexGenMaterialPass.kt,refactor-notes/jvmMain/TexGenMaterialPass.csv,pending
69,jvmMain,,Texture2DProvider.kt,src/jvmMain/kotlin/Texture2DProvider.kt,refactor-notes/jvmMain/Texture2DProvider.csv,pending
69,jvmMain,,TextureAtlasState.kt,src/jvmMain/kotlin/TextureAtlasState.kt,refactor-notes/jvmMain/TextureAtlasState.csv,pending
69,jvmMain,,TextureCache.kt,src/jvmMain/kotlin/TextureCache.kt,refactor-notes/jvmMain/TextureCache.csv,pending
70,jvmMain,,TextureCubeProvider.kt,src/jvmMain/kotlin/TextureCubeProvider.kt,refactor-notes/jvmMain/TextureCubeProvider.csv,pending
70,jvmMain,,TextureDefinitionCache.kt,src/jvmMain/kotlin/TextureDefinitionCache.kt,refactor-notes/jvmMain/TextureDefinitionCache.csv,pending
70,jvmMain,,TextureDefinitionLoader.kt,src/jvmMain/kotlin/TextureDefinitionLoader.kt,refactor-notes/jvmMain/TextureDefinitionLoader.csv,pending
70,jvmMain,,TextureGenerator.kt,src/jvmMain/kotlin/TextureGenerator.kt,refactor-notes/jvmMain/TextureGenerator.csv,pending
70,jvmMain,,TextureHandle.kt,src/jvmMain/kotlin/TextureHandle.kt,refactor-notes/jvmMain/TextureHandle.csv,pending
70,jvmMain,,TextureLoadExceptionStatics.kt,src/jvmMain/kotlin/TextureLoadExceptionStatics.kt,refactor-notes/jvmMain/TextureLoadExceptionStatics.csv,pending
70,jvmMain,,TextureLoaderUtil.kt,src/jvmMain/kotlin/TextureLoaderUtil.kt,refactor-notes/jvmMain/TextureLoaderUtil.csv,pending
70,jvmMain,,TextureMapImageNode.kt,src/jvmMain/kotlin/TextureMapImageNode.kt,refactor-notes/jvmMain/TextureMapImageNode.csv,pending
70,jvmMain,,TextureMetadataProvider.kt,src/jvmMain/kotlin/TextureMetadataProvider.kt,refactor-notes/jvmMain/TextureMetadataProvider.csv,pending
70,jvmMain,,TextureMipDescriptor.kt,src/jvmMain/kotlin/TextureMipDescriptor.kt,refactor-notes/jvmMain/TextureMipDescriptor.csv,pending
71,jvmMain,,TextureQualityOptionState.kt,src/jvmMain/kotlin/TextureQualityOptionState.kt,refactor-notes/jvmMain/TextureQualityOptionState.csv,pending
71,jvmMain,,TextureTileRenderer.kt,src/jvmMain/kotlin/TextureTileRenderer.kt,refactor-notes/jvmMain/TextureTileRenderer.csv,pending
71,jvmMain,,TheoraVideoStream.kt,src/jvmMain/kotlin/TheoraVideoStream.kt,refactor-notes/jvmMain/TheoraVideoStream.csv,pending
71,jvmMain,,TileRenderState.kt,src/jvmMain/kotlin/TileRenderState.kt,refactor-notes/jvmMain/TileRenderState.csv,pending
71,jvmMain,,TileSceneEntity.kt,src/jvmMain/kotlin/TileSceneEntity.kt,refactor-notes/jvmMain/TileSceneEntity.csv,pending
71,jvmMain,,TileTextureNode.kt,src/jvmMain/kotlin/TileTextureNode.kt,refactor-notes/jvmMain/TileTextureNode.csv,pending
71,jvmMain,,TileTransform.kt,src/jvmMain/kotlin/TileTransform.kt,refactor-notes/jvmMain/TileTransform.csv,pending
71,jvmMain,,TileUnderlayShadow.kt,src/jvmMain/kotlin/TileUnderlayShadow.kt,refactor-notes/jvmMain/TileUnderlayShadow.csv,pending
71,jvmMain,,TimedRecordAccessor.kt,src/jvmMain/kotlin/TimedRecordAccessor.kt,refactor-notes/jvmMain/TimedRecordAccessor.csv,pending
71,jvmMain,,TimedRecordAccessorA.kt,src/jvmMain/kotlin/TimedRecordAccessorA.kt,refactor-notes/jvmMain/TimedRecordAccessorA.csv,pending
72,jvmMain,,TimedRecordAccessorB.kt,src/jvmMain/kotlin/TimedRecordAccessorB.kt,refactor-notes/jvmMain/TimedRecordAccessorB.csv,pending
72,jvmMain,,TimedTileQueueEntry.kt,src/jvmMain/kotlin/TimedTileQueueEntry.kt,refactor-notes/jvmMain/TimedTileQueueEntry.csv,pending
72,jvmMain,,TimingCounters.kt,src/jvmMain/kotlin/TimingCounters.kt,refactor-notes/jvmMain/TimingCounters.csv,pending
72,jvmMain,,Tooltip.kt,src/jvmMain/kotlin/Tooltip.kt,refactor-notes/jvmMain/Tooltip.csv,pending
72,jvmMain,,TooltipComponentRenderer.kt,src/jvmMain/kotlin/TooltipComponentRenderer.kt,refactor-notes/jvmMain/TooltipComponentRenderer.csv,pending
72,jvmMain,,TrackedGroundDecor.kt,src/jvmMain/kotlin/TrackedGroundDecor.kt,refactor-notes/jvmMain/TrackedGroundDecor.csv,pending
72,jvmMain,,TrigLookupInit.kt,src/jvmMain/kotlin/TrigLookupInit.kt,refactor-notes/jvmMain/TrigLookupInit.csv,pending
72,jvmMain,,TrigLookupTables.kt,src/jvmMain/kotlin/TrigLookupTables.kt,refactor-notes/jvmMain/TrigLookupTables.csv,pending
72,jvmMain,,TurbulenceTextureNode.kt,src/jvmMain/kotlin/TurbulenceTextureNode.kt,refactor-notes/jvmMain/TurbulenceTextureNode.csv,pending
72,jvmMain,,TwoStateOptionState.kt,src/jvmMain/kotlin/TwoStateOptionState.kt,refactor-notes/jvmMain/TwoStateOptionState.csv,pending
73,jvmMain,,TypedRecordTable.kt,src/jvmMain/kotlin/TypedRecordTable.kt,refactor-notes/jvmMain/TypedRecordTable.csv,pending
73,jvmMain,,UnderlayDefinition.kt,src/jvmMain/kotlin/UnderlayDefinition.kt,refactor-notes/jvmMain/UnderlayDefinition.csv,pending
73,jvmMain,,VarbitDefLoader.kt,src/jvmMain/kotlin/VarbitDefLoader.kt,refactor-notes/jvmMain/VarbitDefLoader.csv,pending
73,jvmMain,,VarpStore.kt,src/jvmMain/kotlin/VarpStore.kt,refactor-notes/jvmMain/VarpStore.csv,pending
73,jvmMain,,VertexBufferResource.kt,src/jvmMain/kotlin/VertexBufferResource.kt,refactor-notes/jvmMain/VertexBufferResource.csv,pending
73,jvmMain,,VertexNormal.kt,src/jvmMain/kotlin/VertexNormal.kt,refactor-notes/jvmMain/VertexNormal.csv,pending
73,jvmMain,,VideoAdChecker.kt,src/jvmMain/kotlin/VideoAdChecker.kt,refactor-notes/jvmMain/VideoAdChecker.csv,pending
73,jvmMain,,VideoStreamDecoder.kt,src/jvmMain/kotlin/VideoStreamDecoder.kt,refactor-notes/jvmMain/VideoStreamDecoder.csv,pending
73,jvmMain,,ViewportTransform.kt,src/jvmMain/kotlin/ViewportTransform.kt,refactor-notes/jvmMain/ViewportTransform.csv,pending
73,jvmMain,,VorbisAudioDecoder.kt,src/jvmMain/kotlin/VorbisAudioDecoder.kt,refactor-notes/jvmMain/VorbisAudioDecoder.csv,pending
74,jvmMain,,VorbisCodebook.kt,src/jvmMain/kotlin/VorbisCodebook.kt,refactor-notes/jvmMain/VorbisCodebook.csv,pending
74,jvmMain,,VorbisCommentHeader.kt,src/jvmMain/kotlin/VorbisCommentHeader.kt,refactor-notes/jvmMain/VorbisCommentHeader.csv,pending
74,jvmMain,,VorbisFloorDecoder.kt,src/jvmMain/kotlin/VorbisFloorDecoder.kt,refactor-notes/jvmMain/VorbisFloorDecoder.csv,pending
74,jvmMain,,VorbisOggDecoder.kt,src/jvmMain/kotlin/VorbisOggDecoder.kt,refactor-notes/jvmMain/VorbisOggDecoder.csv,pending
74,jvmMain,,VoronoiNoiseTextureNode.kt,src/jvmMain/kotlin/VoronoiNoiseTextureNode.kt,refactor-notes/jvmMain/VoronoiNoiseTextureNode.csv,pending
74,jvmMain,,WalkingTypeUtil.kt,src/jvmMain/kotlin/WalkingTypeUtil.kt,refactor-notes/jvmMain/WalkingTypeUtil.csv,pending
74,jvmMain,,WallEntity.kt,src/jvmMain/kotlin/WallEntity.kt,refactor-notes/jvmMain/WallEntity.csv,pending
74,jvmMain,,WallSceneEntity.kt,src/jvmMain/kotlin/WallSceneEntity.kt,refactor-notes/jvmMain/WallSceneEntity.csv,pending
74,jvmMain,,WarpTextureNode.kt,src/jvmMain/kotlin/WarpTextureNode.kt,refactor-notes/jvmMain/WarpTextureNode.csv,pending
74,jvmMain,,WaterDetailOptionState.kt,src/jvmMain/kotlin/WaterDetailOptionState.kt,refactor-notes/jvmMain/WaterDetailOptionState.csv,pending
75,jvmMain,,WaterMaterialPass.kt,src/jvmMain/kotlin/WaterMaterialPass.kt,refactor-notes/jvmMain/WaterMaterialPass.csv,pending
75,jvmMain,,WaterTextureSet.kt,src/jvmMain/kotlin/WaterTextureSet.kt,refactor-notes/jvmMain/WaterTextureSet.csv,pending
75,jvmMain,,WeaveTextureNode.kt,src/jvmMain/kotlin/WeaveTextureNode.kt,refactor-notes/jvmMain/WeaveTextureNode.csv,pending
75,jvmMain,,WidgetActionEntry.kt,src/jvmMain/kotlin/WidgetActionEntry.kt,refactor-notes/jvmMain/WidgetActionEntry.csv,pending
75,jvmMain,,WidgetCache.kt,src/jvmMain/kotlin/WidgetCache.kt,refactor-notes/jvmMain/WidgetCache.csv,pending
75,jvmMain,,WidgetComponent.kt,src/jvmMain/kotlin/WidgetComponent.kt,refactor-notes/jvmMain/WidgetComponent.csv,pending
75,jvmMain,,WidgetComponentNode.kt,src/jvmMain/kotlin/WidgetComponentNode.kt,refactor-notes/jvmMain/WidgetComponentNode.csv,pending
75,jvmMain,,WidgetDefinition.kt,src/jvmMain/kotlin/WidgetDefinition.kt,refactor-notes/jvmMain/WidgetDefinition.csv,pending
75,jvmMain,,WidgetNodeLink.kt,src/jvmMain/kotlin/WidgetNodeLink.kt,refactor-notes/jvmMain/WidgetNodeLink.csv,pending
75,jvmMain,,WidgetRedrawTracker.kt,src/jvmMain/kotlin/WidgetRedrawTracker.kt,refactor-notes/jvmMain/WidgetRedrawTracker.csv,pending
76,jvmMain,,WidgetTextConfig.kt,src/jvmMain/kotlin/WidgetTextConfig.kt,refactor-notes/jvmMain/WidgetTextConfig.csv,pending
76,jvmMain,,WorldListEntry.kt,src/jvmMain/kotlin/WorldListEntry.kt,refactor-notes/jvmMain/WorldListEntry.csv,pending
76,jvmMain,,WorldMapAreaLabel.kt,src/jvmMain/kotlin/WorldMapAreaLabel.kt,refactor-notes/jvmMain/WorldMapAreaLabel.csv,pending
76,jvmMain,,WorldMapElement.kt,src/jvmMain/kotlin/WorldMapElement.kt,refactor-notes/jvmMain/WorldMapElement.csv,pending
76,jvmMain,,WorldMapIconLabel.kt,src/jvmMain/kotlin/WorldMapIconLabel.kt,refactor-notes/jvmMain/WorldMapIconLabel.csv,pending
76,jvmMain,,WorldMapImageBuilder.kt,src/jvmMain/kotlin/WorldMapImageBuilder.kt,refactor-notes/jvmMain/WorldMapImageBuilder.csv,pending
76,jvmMain,,WorldMapLabel.kt,src/jvmMain/kotlin/WorldMapLabel.kt,refactor-notes/jvmMain/WorldMapLabel.csv,pending
76,jvmMain,,WorldMapPolygonIconLabel.kt,src/jvmMain/kotlin/WorldMapPolygonIconLabel.kt,refactor-notes/jvmMain/WorldMapPolygonIconLabel.csv,pending
76,jvmMain,,WorldMapRenderer.kt,src/jvmMain/kotlin/WorldMapRenderer.kt,refactor-notes/jvmMain/WorldMapRenderer.csv,pending
76,jvmMain,,WorldMapScene.kt,src/jvmMain/kotlin/WorldMapScene.kt,refactor-notes/jvmMain/WorldMapScene.csv,pending
77,jvmMain,,WorldMapSceneSoftware.kt,src/jvmMain/kotlin/WorldMapSceneSoftware.kt,refactor-notes/jvmMain/WorldMapSceneSoftware.csv,pending
77,jvmMain,,WorldMapTextLabel.kt,src/jvmMain/kotlin/WorldMapTextLabel.kt,refactor-notes/jvmMain/WorldMapTextLabel.csv,pending
77,jvmMain,,WorldMapToggle.kt,src/jvmMain/kotlin/WorldMapToggle.kt,refactor-notes/jvmMain/WorldMapToggle.csv,pending
77,jvmMain,com/ms/com,ComFailException.kt,src/jvmMain/kotlin/com/ms/com/ComFailException.kt,refactor-notes/jvmMain/com/ms/com/ComFailException.csv,pending
77,jvmMain,com/ms/com,IUnknown.kt,src/jvmMain/kotlin/com/ms/com/IUnknown.kt,refactor-notes/jvmMain/com/ms/com/IUnknown.csv,pending
77,jvmMain,com/ms/directX,DDSurfaceDesc.kt,src/jvmMain/kotlin/com/ms/directX/DDSurfaceDesc.kt,refactor-notes/jvmMain/com/ms/directX/DDSurfaceDesc.csv,pending
77,jvmMain,com/ms/directX,DSBufferDesc.kt,src/jvmMain/kotlin/com/ms/directX/DSBufferDesc.kt,refactor-notes/jvmMain/com/ms/directX/DSBufferDesc.csv,pending
77,jvmMain,com/ms/directX,DSCursors.kt,src/jvmMain/kotlin/com/ms/directX/DSCursors.kt,refactor-notes/jvmMain/com/ms/directX/DSCursors.csv,pending
77,jvmMain,com/ms/directX,DirectDraw.kt,src/jvmMain/kotlin/com/ms/directX/DirectDraw.kt,refactor-notes/jvmMain/com/ms/directX/DirectDraw.csv,pending
77,jvmMain,com/ms/directX,DirectSound.kt,src/jvmMain/kotlin/com/ms/directX/DirectSound.kt,refactor-notes/jvmMain/com/ms/directX/DirectSound.csv,pending
78,jvmMain,com/ms/directX,DirectSoundBuffer.kt,src/jvmMain/kotlin/com/ms/directX/DirectSoundBuffer.kt,refactor-notes/jvmMain/com/ms/directX/DirectSoundBuffer.csv,pending
78,jvmMain,com/ms/directX,IEnumModesCallback.kt,src/jvmMain/kotlin/com/ms/directX/IEnumModesCallback.kt,refactor-notes/jvmMain/com/ms/directX/IEnumModesCallback.csv,pending
78,jvmMain,com/ms/directX,WaveFormatEx.kt,src/jvmMain/kotlin/com/ms/directX/WaveFormatEx.kt,refactor-notes/jvmMain/com/ms/directX/WaveFormatEx.csv,pending
78,jvmMain,com/ms/dll,Callback.kt,src/jvmMain/kotlin/com/ms/dll/Callback.kt,refactor-notes/jvmMain/com/ms/dll/Callback.csv,pending
78,jvmMain,com/ms/dll,Root.kt,src/jvmMain/kotlin/com/ms/dll/Root.kt,refactor-notes/jvmMain/com/ms/dll/Root.csv,pending
78,jvmMain,com/ms/win32,User32.kt,src/jvmMain/kotlin/com/ms/win32/User32.kt,refactor-notes/jvmMain/com/ms/win32/User32.csv,pending
78,jvmMain,direct,Direct3dModel.kt,src/jvmMain/kotlin/direct/Direct3dModel.kt,refactor-notes/jvmMain/direct/Direct3dModel.csv,pending
78,jvmMain,direct,Direct3dVertexDeclaration.kt,src/jvmMain/kotlin/direct/Direct3dVertexDeclaration.kt,refactor-notes/jvmMain/direct/Direct3dVertexDeclaration.csv,pending
78,jvmMain,direct,DirectDrawDisplayMode.kt,src/jvmMain/kotlin/direct/DirectDrawDisplayMode.kt,refactor-notes/jvmMain/direct/DirectDrawDisplayMode.csv,pending
78,jvmMain,direct/sound,DirectSoundAudioChannel.kt,src/jvmMain/kotlin/direct/sound/DirectSoundAudioChannel.kt,refactor-notes/jvmMain/direct/sound/DirectSoundAudioChannel.csv,pending
79,jvmMain,external,a.kt,src/jvmMain/kotlin/external/a.kt,refactor-notes/jvmMain/external/a.csv,pending
79,jvmMain,external,ba.kt,src/jvmMain/kotlin/external/ba.kt,refactor-notes/jvmMain/external/ba.csv,pending
79,jvmMain,external,h.kt,src/jvmMain/kotlin/external/h.kt,refactor-notes/jvmMain/external/h.csv,pending
79,jvmMain,external,i.kt,src/jvmMain/kotlin/external/i.kt,refactor-notes/jvmMain/external/i.csv,pending
79,jvmMain,external,j.kt,src/jvmMain/kotlin/external/j.kt,refactor-notes/jvmMain/external/j.csv,pending
79,jvmMain,external,ja.kt,src/jvmMain/kotlin/external/ja.kt,refactor-notes/jvmMain/external/ja.csv,pending
79,jvmMain,external,n.kt,src/jvmMain/kotlin/external/n.kt,refactor-notes/jvmMain/external/n.csv,pending
79,jvmMain,external,na.kt,src/jvmMain/kotlin/external/na.kt,refactor-notes/jvmMain/external/na.csv,pending
79,jvmMain,external,oa.kt,src/jvmMain/kotlin/external/oa.kt,refactor-notes/jvmMain/external/oa.csv,pending
79,jvmMain,external,p.kt,src/jvmMain/kotlin/external/p.kt,refactor-notes/jvmMain/external/p.csv,pending
80,jvmMain,external,t.kt,src/jvmMain/kotlin/external/t.kt,refactor-notes/jvmMain/external/t.csv,pending
80,jvmMain,external,wa.kt,src/jvmMain/kotlin/external/wa.kt,refactor-notes/jvmMain/external/wa.csv,pending
80,jvmMain,external,xa.kt,src/jvmMain/kotlin/external/xa.kt,refactor-notes/jvmMain/external/xa.csv,pending
80,jvmMain,external,ya.kt,src/jvmMain/kotlin/external/ya.kt,refactor-notes/jvmMain/external/ya.csv,pending
80,jvmMain,jaclib/hardware_info,HardwareInfo.kt,src/jvmMain/kotlin/jaclib/hardware_info/HardwareInfo.kt,refactor-notes/jvmMain/jaclib/hardware_info/HardwareInfo.csv,pending
80,jvmMain,jaclib/memory,Buffer.kt,src/jvmMain/kotlin/jaclib/memory/Buffer.kt,refactor-notes/jvmMain/jaclib/memory/Buffer.csv,pending
80,jvmMain,jaclib/memory,NativeBuffer.kt,src/jvmMain/kotlin/jaclib/memory/NativeBuffer.kt,refactor-notes/jvmMain/jaclib/memory/NativeBuffer.csv,pending
80,jvmMain,jaclib/memory,Source.kt,src/jvmMain/kotlin/jaclib/memory/Source.kt,refactor-notes/jvmMain/jaclib/memory/Source.csv,pending
80,jvmMain,jaclib/memory,Stream.kt,src/jvmMain/kotlin/jaclib/memory/Stream.kt,refactor-notes/jvmMain/jaclib/memory/Stream.csv,pending
80,jvmMain,jaclib/memory/heap,NativeHeap.kt,src/jvmMain/kotlin/jaclib/memory/heap/NativeHeap.kt,refactor-notes/jvmMain/jaclib/memory/heap/NativeHeap.csv,pending
81,jvmMain,jaclib/memory/heap,NativeHeapBuffer.kt,src/jvmMain/kotlin/jaclib/memory/heap/NativeHeapBuffer.kt,refactor-notes/jvmMain/jaclib/memory/heap/NativeHeapBuffer.csv,pending
81,jvmMain,jaclib/peer,IUnknown.kt,src/jvmMain/kotlin/jaclib/peer/IUnknown.kt,refactor-notes/jvmMain/jaclib/peer/IUnknown.csv,pending
81,jvmMain,jaclib/peer,IUnknownReference.kt,src/jvmMain/kotlin/jaclib/peer/IUnknownReference.kt,refactor-notes/jvmMain/jaclib/peer/IUnknownReference.csv,pending
81,jvmMain,jaclib/peer,NativeHeapPeerReference.kt,src/jvmMain/kotlin/jaclib/peer/NativeHeapPeerReference.kt,refactor-notes/jvmMain/jaclib/peer/NativeHeapPeerReference.csv,pending
81,jvmMain,jaclib/peer,Peer.kt,src/jvmMain/kotlin/jaclib/peer/Peer.kt,refactor-notes/jvmMain/jaclib/peer/Peer.csv,pending
81,jvmMain,jaclib/peer,PeerReference.kt,src/jvmMain/kotlin/jaclib/peer/PeerReference.kt,refactor-notes/jvmMain/jaclib/peer/PeerReference.csv,pending
81,jvmMain,jaclib/peer,hb.kt,src/jvmMain/kotlin/jaclib/peer/hb.kt,refactor-notes/jvmMain/jaclib/peer/hb.csv,pending
81,jvmMain,jaclib/peer,uda.kt,src/jvmMain/kotlin/jaclib/peer/uda.kt,refactor-notes/jvmMain/jaclib/peer/uda.csv,pending
81,jvmMain,jagdx,D3DADAPTER_IDENTIFIER.kt,src/jvmMain/kotlin/jagdx/D3DADAPTER_IDENTIFIER.kt,refactor-notes/jvmMain/jagdx/D3DADAPTER_IDENTIFIER.csv,pending
81,jvmMain,jagdx,D3DCAPS.kt,src/jvmMain/kotlin/jagdx/D3DCAPS.kt,refactor-notes/jvmMain/jagdx/D3DCAPS.csv,pending
82,jvmMain,jagdx,D3DDISPLAYMODE.kt,src/jvmMain/kotlin/jagdx/D3DDISPLAYMODE.kt,refactor-notes/jvmMain/jagdx/D3DDISPLAYMODE.csv,pending
82,jvmMain,jagdx,D3DLIGHT.kt,src/jvmMain/kotlin/jagdx/D3DLIGHT.kt,refactor-notes/jvmMain/jagdx/D3DLIGHT.csv,pending
82,jvmMain,jagdx,D3DPRESENT_PARAMETERS.kt,src/jvmMain/kotlin/jagdx/D3DPRESENT_PARAMETERS.kt,refactor-notes/jvmMain/jagdx/D3DPRESENT_PARAMETERS.csv,pending
82,jvmMain,jagdx,D3DPSHADERCAPS2_0.kt,src/jvmMain/kotlin/jagdx/D3DPSHADERCAPS2_0.kt,refactor-notes/jvmMain/jagdx/D3DPSHADERCAPS2_0.csv,pending
82,jvmMain,jagdx,D3DVSHADERCAPS2_0.kt,src/jvmMain/kotlin/jagdx/D3DVSHADERCAPS2_0.kt,refactor-notes/jvmMain/jagdx/D3DVSHADERCAPS2_0.csv,pending
82,jvmMain,jagdx,GeometryBuffer.kt,src/jvmMain/kotlin/jagdx/GeometryBuffer.kt,refactor-notes/jvmMain/jagdx/GeometryBuffer.csv,pending
82,jvmMain,jagdx,IDirect3D.kt,src/jvmMain/kotlin/jagdx/IDirect3D.kt,refactor-notes/jvmMain/jagdx/IDirect3D.csv,pending
82,jvmMain,jagdx,IDirect3DBaseTexture.kt,src/jvmMain/kotlin/jagdx/IDirect3DBaseTexture.kt,refactor-notes/jvmMain/jagdx/IDirect3DBaseTexture.csv,pending
82,jvmMain,jagdx,IDirect3DCubeTexture.kt,src/jvmMain/kotlin/jagdx/IDirect3DCubeTexture.kt,refactor-notes/jvmMain/jagdx/IDirect3DCubeTexture.csv,pending
82,jvmMain,jagdx,IDirect3DDevice.kt,src/jvmMain/kotlin/jagdx/IDirect3DDevice.kt,refactor-notes/jvmMain/jagdx/IDirect3DDevice.csv,pending
83,jvmMain,jagdx,IDirect3DEventQuery.kt,src/jvmMain/kotlin/jagdx/IDirect3DEventQuery.kt,refactor-notes/jvmMain/jagdx/IDirect3DEventQuery.csv,pending
83,jvmMain,jagdx,IDirect3DIndexBuffer.kt,src/jvmMain/kotlin/jagdx/IDirect3DIndexBuffer.kt,refactor-notes/jvmMain/jagdx/IDirect3DIndexBuffer.csv,pending
83,jvmMain,jagdx,IDirect3DPixelShader.kt,src/jvmMain/kotlin/jagdx/IDirect3DPixelShader.kt,refactor-notes/jvmMain/jagdx/IDirect3DPixelShader.csv,pending
83,jvmMain,jagdx,IDirect3DSurface.kt,src/jvmMain/kotlin/jagdx/IDirect3DSurface.kt,refactor-notes/jvmMain/jagdx/IDirect3DSurface.csv,pending
83,jvmMain,jagdx,IDirect3DSwapChain.kt,src/jvmMain/kotlin/jagdx/IDirect3DSwapChain.kt,refactor-notes/jvmMain/jagdx/IDirect3DSwapChain.csv,pending
83,jvmMain,jagdx,IDirect3DTexture.kt,src/jvmMain/kotlin/jagdx/IDirect3DTexture.kt,refactor-notes/jvmMain/jagdx/IDirect3DTexture.csv,pending
83,jvmMain,jagdx,IDirect3DVertexBuffer.kt,src/jvmMain/kotlin/jagdx/IDirect3DVertexBuffer.kt,refactor-notes/jvmMain/jagdx/IDirect3DVertexBuffer.csv,pending
83,jvmMain,jagdx,IDirect3DVertexDeclaration.kt,src/jvmMain/kotlin/jagdx/IDirect3DVertexDeclaration.kt,refactor-notes/jvmMain/jagdx/IDirect3DVertexDeclaration.csv,pending
83,jvmMain,jagdx,IDirect3DVertexShader.kt,src/jvmMain/kotlin/jagdx/IDirect3DVertexShader.kt,refactor-notes/jvmMain/jagdx/IDirect3DVertexShader.csv,pending
83,jvmMain,jagdx,IDirect3DVolumeTexture.kt,src/jvmMain/kotlin/jagdx/IDirect3DVolumeTexture.kt,refactor-notes/jvmMain/jagdx/IDirect3DVolumeTexture.csv,pending
84,jvmMain,jagdx,PixelBuffer.kt,src/jvmMain/kotlin/jagdx/PixelBuffer.kt,refactor-notes/jvmMain/jagdx/PixelBuffer.csv,pending
84,jvmMain,jagdx,VertexElementCollection.kt,src/jvmMain/kotlin/jagdx/VertexElementCollection.kt,refactor-notes/jvmMain/jagdx/VertexElementCollection.csv,pending
84,jvmMain,jagdx,fda.kt,src/jvmMain/kotlin/jagdx/fda.kt,refactor-notes/jvmMain/jagdx/fda.csv,pending
84,jvmMain,jagdx,ue.kt,src/jvmMain/kotlin/jagdx/ue.kt,refactor-notes/jvmMain/jagdx/ue.csv,pending
84,jvmMain,jagex3/graphics2/hw,NativeInterface.kt,src/jvmMain/kotlin/jagex3/graphics2/hw/NativeInterface.kt,refactor-notes/jvmMain/jagex3/graphics2/hw/NativeInterface.csv,pending
84,jvmMain,jagex3/jagmisc,jagmisc.kt,src/jvmMain/kotlin/jagex3/jagmisc/jagmisc.kt,refactor-notes/jvmMain/jagex3/jagmisc/jagmisc.csv,pending
84,jvmMain,jaggl,MapBuffer.kt,src/jvmMain/kotlin/jaggl/MapBuffer.kt,refactor-notes/jvmMain/jaggl/MapBuffer.csv,pending
84,jvmMain,jaggl,OpenGL.kt,src/jvmMain/kotlin/jaggl/OpenGL.kt,refactor-notes/jvmMain/jaggl/OpenGL.csv,pending
84,jvmMain,jagtheora/misc,SimplePeer.kt,src/jvmMain/kotlin/jagtheora/misc/SimplePeer.kt,refactor-notes/jvmMain/jagtheora/misc/SimplePeer.csv,pending
84,jvmMain,jagtheora/ogg,OggPacket.kt,src/jvmMain/kotlin/jagtheora/ogg/OggPacket.kt,refactor-notes/jvmMain/jagtheora/ogg/OggPacket.csv,pending
85,jvmMain,jagtheora/ogg,OggPage.kt,src/jvmMain/kotlin/jagtheora/ogg/OggPage.kt,refactor-notes/jvmMain/jagtheora/ogg/OggPage.csv,pending
85,jvmMain,jagtheora/ogg,OggStreamState.kt,src/jvmMain/kotlin/jagtheora/ogg/OggStreamState.kt,refactor-notes/jvmMain/jagtheora/ogg/OggStreamState.csv,pending
85,jvmMain,jagtheora/ogg,OggSyncState.kt,src/jvmMain/kotlin/jagtheora/ogg/OggSyncState.kt,refactor-notes/jvmMain/jagtheora/ogg/OggSyncState.csv,pending
85,jvmMain,jagtheora/theora,DecoderContext.kt,src/jvmMain/kotlin/jagtheora/theora/DecoderContext.kt,refactor-notes/jvmMain/jagtheora/theora/DecoderContext.csv,pending
85,jvmMain,jagtheora/theora,Frame.kt,src/jvmMain/kotlin/jagtheora/theora/Frame.kt,refactor-notes/jvmMain/jagtheora/theora/Frame.csv,pending
85,jvmMain,jagtheora/theora,GranulePos.kt,src/jvmMain/kotlin/jagtheora/theora/GranulePos.kt,refactor-notes/jvmMain/jagtheora/theora/GranulePos.csv,pending
85,jvmMain,jagtheora/theora,SetupInfo.kt,src/jvmMain/kotlin/jagtheora/theora/SetupInfo.kt,refactor-notes/jvmMain/jagtheora/theora/SetupInfo.csv,pending
85,jvmMain,jagtheora/theora,TheoraComment.kt,src/jvmMain/kotlin/jagtheora/theora/TheoraComment.kt,refactor-notes/jvmMain/jagtheora/theora/TheoraComment.csv,pending
85,jvmMain,jagtheora/theora,TheoraInfo.kt,src/jvmMain/kotlin/jagtheora/theora/TheoraInfo.kt,refactor-notes/jvmMain/jagtheora/theora/TheoraInfo.csv,pending
85,jvmMain,jagtheora/vorbis,DSPState.kt,src/jvmMain/kotlin/jagtheora/vorbis/DSPState.kt,refactor-notes/jvmMain/jagtheora/vorbis/DSPState.csv,pending
86,jvmMain,jagtheora/vorbis,VorbisBlock.kt,src/jvmMain/kotlin/jagtheora/vorbis/VorbisBlock.kt,refactor-notes/jvmMain/jagtheora/vorbis/VorbisBlock.csv,pending
86,jvmMain,jagtheora/vorbis,VorbisComment.kt,src/jvmMain/kotlin/jagtheora/vorbis/VorbisComment.kt,refactor-notes/jvmMain/jagtheora/vorbis/VorbisComment.csv,pending
86,jvmMain,jagtheora/vorbis,VorbisInfo.kt,src/jvmMain/kotlin/jagtheora/vorbis/VorbisInfo.kt,refactor-notes/jvmMain/jagtheora/vorbis/VorbisInfo.csv,pending
