"OriginalName","SuggestedName","Rationale","Notes"
"Applet_Sub1","GameAppletFrame","Panel subclass implementing GameApplet/Runnable/FocusListener/WindowListener; AWT game container","Superclass Panel; impl GameApplet,Runnable,FocusListener,WindowListener; uses URL/showDocument"
"Callback_Sub1","NativeCursorCallback","Extends com.ms.dll.Callback; uses User32 SetCursor/SetWindowLong on HWND","Superclass Callback; Win32 native cursor/window subclassing via reflection peer HWND"
"Canvas_Sub1","DelegatingRenderCanvas","Extends AWT Canvas, delegates paint/update to wrapped Component","Superclass Canvas; companion static method119 (camera/player offset) is unrelated"
"Class1","DirectSoundAudioChannel","Implements Interface20; DirectSoundBuffer/DirectSound/WaveFormatEx fields play audio","Impl Interface20; com.ms.directX sound playback engine"
"Class10","ParticleEmitterNode","Holds Class318_Sub1 and several scene-graph node refs, type byte 2/3","No superclass; companion has unrelated offset/string static data"
"Class100","MinimapRenderer","Holds Class286_Sub1 and Class286 array, ha_Sub2 graphics; draws map tiles","ha_Sub2 graphics context; companion has unrelated Class78 array statics"
"Class101","AbstractCameraTransform","Abstract; matrix/transform methods plus subclass switching","Abstract base for Class101_Sub1/2/3; companion has scene-region static logic"
"Class101_Sub1","MatrixCameraTransform","Class101 subclass; 12 float fields, trig matrix math via sin/cos tables","Extends Class101; float rotation/translation matrix variant"
"Class101_Sub2","FloatCameraTransform","Class101 subclass; 12 float fields, matrix transform with float arrays","Extends Class101; float-matrix transform variant"
"Class101_Sub3","ProjectionCameraTransform","Class101 subclass; floats, projection/clip math (point projection)","Extends Class101; projection/intersection transform variant"
"Class102","VertexNormal","Six Short fields plus int/byte; compact 3D vertex/normal record","No superclass/interface; plain data holder"
"Class103","MinimapDrawController","Object; holds Class345, binary-search over Class110_Sub1 array","Singleton object; map/menu element search and draw"
"Class104","SoftwareSpriteRaster","ha_Sub2/s_Sub2, byte pixel array, Class232 tile grid, software blit","Software rasterizer; uses r_Sub2 raster, OpenGL imports for matrix setup"
"Class105","AbstractModelRenderer","Implements Interface3; abstract render methods, dimension getters, trig billboard math","Impl Interface3; base for Class105_Sub1/2/3 model/sprite renderers"
"Class105_Sub1","AnimatedModelRenderer","Class105 subclass; ha_Sub3 + Interface18_Impl3, dimensions, render via transform","Extends Class105; hardware model render variant"
"Class105_Sub2","GlSpriteRenderer","Class105 subclass; ha_Sub2 + Class258_Sub3_Sub1 texture, OpenGL glVertex/glTexCoord","Extends Class105; OpenGL textured sprite renderer"
"Class105_Sub3","SoftwareModelRenderer","Class105 abstract subclass; ha_Sub1, width/height ints, pixel int array","Extends Class105; abstract base for Sub3_Sub1/2/3 software raster renderers"
"Class105_Sub3_Sub1","SoftwareRgbSpriteRenderer","Class105_Sub3 subclass; large IntArray pixel buffer, full scanline raster impls","Extends Class105_Sub3; ARGB software sprite raster variant"
"Class105_Sub3_Sub2","SoftwarePalettedSpriteRenderer","Class105_Sub3 subclass; ByteArray indices + IntArray palette raster","Extends Class105_Sub3; indexed/paletted software raster variant"
"Class105_Sub3_Sub3","SoftwareAlphaSpriteRenderer","Class105_Sub3 subclass; IntArray buffer, alpha-blended scanline raster impls","Extends Class105_Sub3; alpha-blend software raster variant"
"Class106","DualMaterialContainer","Holds Class339 plus two Class45 references in constructor","No superclass; pairs two Class45 (texture/material) objects"
"Class107","LinkedNodeListIterator","Holds Class348_Sub42 sentinel + cursor; traverses circular linked list","No superclass; linked-list head/iterator over Class348_Sub42 nodes"
"Class108","GroundItemRenderState","Object; Class364/Class304/Class105 fields drive item render state","Singleton object; holds renderer Class105 and counters"
"Class109","ShadowProjector","ha_Sub1 + Class167, depth/float arrays from ha_Sub1, 4096 int buffer","No superclass; shadow/depth projection using ha_Sub1 graphics state"
"Class11","SceneRegionState","Object; ints plus Class231 reference","Singleton object; small scene/region counter holder"
"Class110","AbstractMenuEntry","Abstract; int flag field with bit-flag accessors","Abstract base for Class110_Sub1; companion loads Class348_Sub48 plugin/class data (unrelated)"
"Class110_Sub1","MapLabelMenuEntry","Class110 subclass; int+two String fields, returns Class283 by index","Extends Class110; companion has URL-decode static (unrelated)"
"Class111","CollisionMapRegion","Class230/Class45, IntArrayArray + BooleanArray flag grids, returns Class287","No superclass; collision/pathing flag grid per region"
"Class112","ScriptCompilerThread","Implements Runnable; Thread field, Class107 list, builds Class348_Sub42_Sub16_Sub2","Impl Runnable; background compile/load worker thread"
"Class113","CameraNodeList","toString throws; companion holds Class105 array, Class45, ints","No superclass; instance trivial - name from Class105Array static scene refs"
"Class114","IntRange","Two int fields with accessor and toString","No superclass; min/max or value pair holder"
"Class115","OverlayColorTable","Object; boolean grids, Class348_Sub1/Class318_Sub1 arrays, RGB color array","Singleton object; overlay/minimap color and flag tables"
"Class116","InputSettingsState","Object; shiftClick boolean, String, Class114, IOException import","Singleton object; input/config state flags"
"Class117","CacheArchiveIndex","Class356 cache maps, reads via Class348_Sub49, returns Class348_Sub35/46/50","No superclass; indexed cache record store/loader"
"Class118","MapSceneTileDefinition","Twelve int/short/byte/boolean fields from constructor; tile/decor definition","No superclass; large coordinate/dimension data record"
"Class119","NativeBufferWrapper","Open class; jaclib Buffer + ha_Sub2 native heap allocation","Open base for Class119_Sub1/Sub2; wraps native memory Buffer"
"Class119_Sub1","NativeIndexBuffer","Class119 subclass impl Interface2; read/write index data methods","Extends Class119, impl Interface2; native index buffer variant"
"Class119_Sub2","NativeVertexBuffer","Class119 subclass impl Interface8; native buffer read/write methods","Extends Class119, impl Interface8; native vertex buffer variant"
"Class12","NpcAppearanceFlags","Many byte/boolean/short/int fields; entity/appearance bitfield record","No superclass; large flags data holder"
"Class120","ConfigValueProvider","Implements Interface12; single int, returns Class223 via method51","Impl Interface12; wraps int into Class223 provider"
"Class121","MinimapFlagRenderer","Object; Class105 renderer field, ha drawing, screen coords","Singleton object; renders minimap markers/flags via Class105"
"Class122","ObjectSpawnDecoder","Instance methods build map objects (method1085) from region byte arrays; aStringArray1808, aBooleanArray1806","object/singleton; no super/interface; static counters likely unrelated"
"Class123","HoverActionEntry","Instance holds Interface2, short id, two bytes (coord/action descriptors)","class; no super; companion Class25/Class45 holders unrelated"
"Class124","ModelDefinition","Instance has vertex/face int/short arrays, Class129/342/162 arrays, decoders; merge ctor","class; no super; static method1108 (canvas resize) unrelated"
"Class125","MinimapSpriteRenderer","Instance Class221/Class341 anchors plus positional ints; implements Interface12 (method51)","class : Interface12; companion sprite/cache static unrelated"
"Class126","Crc64Hashable","Instance fields hashed via CRC64 (method52) and equality (method53); implements Interface14","class : Interface14; companion Class267 array static unrelated"
"Class127","WidgetComponentNode","Instance holds Class105/Class288/Class45; lifecycle method7/8/9; implements Interface1","open class : Interface1; subclassed by Class127_Sub1"
"Class127_Sub1","ScrollingWidgetComponentNode","Overrides method9 to offset/animate via anInt8383 and Class288_Sub1.anInt8577","class : Class127; scroll/animation variant; static varplayer logic unrelated"
"Class128","MinimapStateReset","object resets minimap/region statics (method1122); aClass114 holder","object/singleton; no instance state of note"
"Class129","ModelFacePriorityNode","Instance face/vertex ints, self-link aClass129_1888, byte; method1124 clones, method1125 returns Class181","class; no super; companion power-of-two anIntArray1885 init"
"Class13","MinimapRectClipper","object: clip rects vs Class314_Sub1 array, anIntArray224 buffer (npc ids); method226 fills bool array","object/singleton; no super"
"Class130","ModelBatchBase","abstract class; companion Class60/Class356 caches, method1128 maps Class68 to GL enum","abstract class; concrete subclass Class130_Sub1; only companion members (no instance fields)"
"Class130_Sub1","FrameStatsReset","Instance aClass58Array5801: Array<Class58>; companion method1135 zeros hundreds of static counters","class : Class130; variant of Class130; static reset routine dominates"
"Class131","ParserSpecialCharsHolder","object: aCharArray1903 = ['[',']','#'], Class351 holder","object/singleton; no super"
"Class132","LocalPlayerState","object: aPlayer_1907 (local player), login state ints, method1138 sets login names","object/singleton; no super"
"Class133","PlayerUpdateDecoder","object: method1141 decodes player update masks into Player; aByteArrayArray1918 appearance cache","object/singleton; method1142 heap-dump static unrelated"
"Class134","DirectDrawDisplayMode","Instance aDirectDraw4607 (DirectDraw); enumerates/sets display modes; implements IEnumModesCallback","class : IEnumModesCallback; native DirectX fullscreen control"
"Class135","GlVertexBufferBase","abstract; instance ha_Sub2, GL buffer id anInt1929, method1150 uploads via glBufferData; abstract method1152","abstract class; no interface; subclasses Class135_Sub1/Sub2"
"Class135_Sub1","GlArrayBufferObject","Instance anInt4708 stride; super(...,34962,...) GL_ARRAY_BUFFER; implements Interface2","class : Class135, Interface2; binds GL_ARRAY_BUFFER; static method1153 UI-draw unrelated"
"Class135_Sub2","GlElementArrayBuffer","Instance anInt4837; super(...,34963,...) GL_ELEMENT_ARRAY_BUFFER; implements Interface8","class : Class135, Interface8; index buffer; static base64/array fill helpers unrelated"
"Class136","SpriteLoadValidator","Instance aString4788/aClass45_4789; method31/32 validate archive via Class45; implements Interface7","class : Interface7; companion sprite static unrelated"
"Class137","IndexedFileCache","Instance two Class78 files, block size; method1160-1162 read/write 520-byte blocks; toString 'Cache:'","class; no super; data-file store"
"Class138","RectangleRegion","Instance four ints (x,y,w,h-like); toString throws","class; no super; companion Class46/Class348_Sub42_Sub12 holders unrelated"
"Class139","NpcSummaryDefinition","Instance byte/short arrays (model/colour data); companion method1165 decodes NPC region updates","class; no super; static npc-update decode differs from instance data holder"
"Class14","GlTextureBase","abstract; instance Class377/Class304/Class68 GL state, texture id; method228 maps formats; implements Interface18","abstract class : Interface18; subclasses Class14_Sub1..4"
"Class140","ScreenBorderFiller","object: method1170 fills black screen borders via AWT Graphics; Class114/Class351 holders","object/singleton; no super"
"Class141","TextureDefinitionLoader","Instance Class45 archive + Class60 cache; method1173 loads Class218 by id; type 34","class; no super; companion particle/Class26 statics unrelated"
"Class142","D3dIndexBuffer","Instance IDirect3DIndexBuffer + Class378/Class68; method22-24 lock/unlock/resize; implements Interface5_Impl2","class : Interface5_Impl2; Direct3D index buffer wrapper"
"Class143","FontDefinition","Instance glyph width aByteArray1986, kerning aByteArrayArray1979, ascent/descent; method1186 measures text","class; no super; font metrics/wrapping"
"Class144","LinkedQueueNode","Instance self-link aClass144_1995, two volatile Any payloads + ints; generic async node","class; no super; thread-safe linked node"
"Class145","TerrainTileData","Instance int/short arrays + short/byte (overlay/underlay heights, colours)","class; no super; plain data holder"
"Class146","HitsplatDefinition","Instance anInt2019/2016/2020; method1192 decodes config opcode 1","class; no super; companion Class45/long-array statics unrelated"
"Class147","HintArrowOrMessage","Instance many strings + ints (titles/messages, coords); method1196 re-inits","class; no super; companion Class357/Class338 arrays unrelated"
"Class148","WidgetNodeLink","Instance self-link aClass148_2038 + Class318_Sub1_Sub3; method1199 recycles to Class16 pool","class; no super; pooled linked-list node"
"Class149","OrientationRotator","object: method1201 rotates coords by 0-3 quadrant; Class223 holder","object/singleton; no super"
"Class14_Sub1","Gl2dTexture","2D texture (3553); width/height; many glTex(Sub)Image2D ctors; implements Interface18_Impl3","class : Class14, Interface18_Impl3; 2D texture variant"
"Class14_Sub2","GlCubeMapTexture","Cube texture (34067); ctor uploads 6 faces (34069+i); implements Interface18_Impl2","class : Class14, Interface18_Impl2; cubemap variant"
"Class14_Sub3","Gl3dTexture","3D texture (32879); width/height/depth; glTexImage3D; implements Interface18_Impl1","class : Class14, Interface18_Impl1; 3D texture variant"
"Class14_Sub4","GlRectangleTexture","Rectangle texture (34037); width/height; implements Interface18_Impl3","class : Class14, Interface18_Impl3; NPOT rectangle texture; static color/circle helpers unrelated"
"Class15","CharCountUtil","object: method257 counts char occurrences in string, method256 shift; Class60/Class114 holders","object/singleton; no super"
"Class150","ModelDefinitionLoader","Instance Class45 archive + Class60 cache; method1203 loads Class34 by id; type 3","class; no super; parallels Class141/Class153 loaders"
"Class151","HeadIconRenderer","object: method1211 draws overhead Class105 sprite via Class46/aa using rotation tables","object/singleton; no super; static login helpers may differ"
"Class152","GzipDecompressor","Instance Inflater; method1214/1218 inflate GZIP byte arrays","class; no super; companion Class357 widget-cleanup static unrelated"
"Class153","ConfigDefinitionLoader","Instance Class45 archive + Class60 cache; method1225 loads Class42 by id; type 36","class; no super; sibling of Class141/Class150 loaders"
"Class154","CompositeNpcModelBuilder","Instance anIntArray2092 model parts + anIntArray2095 colours; method1226/1230 build Class64 from Class124 parts","class; no super; model-assembly builder with CRC caching"
"Class155","ItemActionPacketSender","object: method1237 sends item/object interaction packet via Class348_Sub47 stream","object/singleton; no super"
"Class156","LinkedListIterator","Instance aClass107(Class107 list),aClass348_Sub42 cursor; iterate doubly-linked nodes","No superclass; companion method1242 reports client errors via URL (different purpose)"
"Class157","SettingsCrcWriter","method1244 writes many Class45 archive CRCs via Class348_Sub49_Sub2.writeInt; method1245 URL-decodes","Declared object (singleton); no superclass/interface"
"Class158","HeapInfoRecord","Instance implements Interface12; Class221/Class341 refs + ints set in ctor; method51 returns Class223","implements Interface12; companion method1247 does HotSpot heap dump (different purpose)"
"Class159","ParticleAmountConfig","Instance anInt2125 read from Class348_Sub49 via opcode loop","No superclass; companion method1252 blits scene (different purpose)"
"Class160","KeyboardLayoutConfig","Instance aChar2132/anInt2135 decoded from Class348_Sub49 stream (char map)","Companion aBooleanArrayArray2133 holds static keyboard layout tables"
"Class161","ServerConnectionInfo","Instance ports (Loader.port,43594), aString2147 host; method1262 opens Class144 via Class297","No superclass; companion holds login-reset statics"
"Class162","RectangleBounds","Instance four ints x/y/w/h; method1266 clones replacing one field","Companion aClass74_2157 unrelated"
"Class163","AudioResampler","Instance anIntArrayArray2163 sinc coeffs (gcd,sin/cos in ctor); resample short/byte PCM","Companion method1273 builds image-tag string (different purpose)"
"Class164","ClientLoadStateMachine","object method1278 large state machine over Class56 enum building Class45 archives/loaders","Declared object; static load pipeline"
"Class165","RobotMouseController","Instance aRobot2176(java.awt.Robot)+aComponent2177; mouseMove, set custom cursors","No superclass; AWT Robot/BufferedImage cursor control"
"Class166","ItemDefinitionLoader","Instance Class45 archive + Class60 caches; method1287 loads Class222 from bytes via Class348_Sub49","No superclass; companion method1289 draws minimap orbs (different purpose)"
"Class167","ParticleSystemState","Instance many IntArray buffers, Class64_Sub1 emitters, Class109, ha_Sub1; ctor sizes buffers","No superclass; companion method1295 quicksorts Class318_Sub1 by depth"
"Class168","HeapDiagnosticsHolder","object holding volatile anObject2256(HotSpot bean), Class46/Class323 refs","Declared object; method1299 does bit-flag checks"
"Class169","HostPingThread","Instance implements Runnable; Thread+Class262 queue; run() resolves InetAddress and pings via jagmisc.ping","implements Runnable; companion has unrelated render statics"
"Class170","VarpStore","Instance anIntArray5063 varp values + Class356 expiry timers; implements Interface17; read varp bits","implements Interface17; companion method1318 parses NPC update packet (different purpose)"
"Class171","RefCountedHandle","Instance aHa_Sub2+anInt2270 handle freed in finalize()","Companion method1319 computes CRC32 (different purpose)"
"Class172","NpcCountAccessor","object method1327 returns Class348_Sub31.anInt6924; method1328 clears Class60 caches","Declared object; mostly delegates to other statics"
"Class173","ObjectByteSerializerHolder","Instance only toString() throwing IllegalStateException (no real state)","Companion method1331 serializes objects/Class344 to bytes (different purpose)"
"Class174","SpotAnimVector","Instance ints vector + type read from stream; method1337 computes magnitude via sqrt","No superclass; stored in Class19.aClass174Array311"
"Class175","SizeBoundedSoftCache","Instance Class356 map + Class107 LRU list + size; get/put with Class348_Sub42_Sub9 soft eviction","No superclass; generic bounded cache"
"Class176","PingHostListHolder","object holding Class348_Sub26 + Class348_Sub47[300] host list","Declared object; static holder"
"Class177","ClickFeedbackTask","Instance Class52 + implements Interface1; method7/8/9 draw via ha aa()","implements Interface1; companion method1352 spawns click feedback"
"Class178","ScriptOpcodeHolder","object holding many Class29 instances (id/value pairs)","Declared object; method1356 unrelated logging"
"Class179","GrowableStringList","Instance aStringArray2367 grown dynamically, count; get/add strings","No superclass; growth factor anInt2365"
"Class180","HintIconState","object holding IntArray, Rectangle[100], a Class196; init fills rectangles","Declared object; static UI region state"
"Class181","SpotAnimDefinition","Instance reads opcodes (model id, colour-replace arrays, anim, RGB lerp); computes colour gradients","No superclass; sequence/spotanim definition"
"Class182","LoadProgressCounters","Instance only counter ints","Companion holds Interface16[] update tasks + parses Class50_Sub4 (different purpose)"
"Class183","ParticleDefLoader","Instance Class60 cache + Class45 archive; method1380 loads Class22 from bytes","No superclass; companion method1376 unlinks Class318_Sub1 from scene lists"
"Class184","ScanlineRasterFiller","Instance anIntArray2468/aStringArray2473/Class348_Sub42_Sub19 fields","Companion method1387 resolves Interface10 textures; method1388 scanline fill"
"Class185","MapSceneDefLoader","Instance Class60 cache + Class45 archive; method1391 loads Class253 from bytes via Class348_Sub49","No superclass; standard cache-backed loader"
"Class186","TextureGenerator","abstract class; abstract method1398 generating texture/noise into FloatArray from floats","abstract; companion method1397 ticks player overhead text (different purpose)"
"Class186_Sub1","PerlinTextureProvider","extends Class186; overrides method1398 producing tiled interpolated noise via permutation","extends Class186; concrete variant; companion has glTexImage2D helpers"
"Class187","LocTypeDefLoader","Instance Class60 cache + Class45 archive; method1408 loads Class321 from bytes via Class348_Sub49","No superclass; standard cache-backed loader"
"Class188","GlowPostProcessor","Instance ha_Sub2 + Class337 shader; method1413 renders glow via FBO/GLSL (glUseProgramObjectARB)","No superclass; OpenGL shader effect"
"Class189","MapAreaDefinition","Instance anInt2525 texture, anInt2526/2530 size, booleans read via opcodes","No superclass; companion method1420 large draw routine"
"Class19","WorldListEntry","Instance host/activity strings, anInt308, aByte310 flags","Companion holds Class174[] + builds Class223/Class57 arrays"
"Class190","ModelLightingConfig","Instance many floats (light dir/intensity)+Class299; method1424 equality compare; ctor sets defaults","No superclass; rendering/lighting parameters"
"Class191","SpriteSheetCache","Instance Class262 queue + Class348_Sub6[] + IntArray[] pixel cache + sizes; method1427 retrieves cache","No superclass; sprite/image caching"
"Class192","AsyncTaskHandle","Instance two Interface5_Impl2 + booleans; method1435 invokes method21, method1437 completion check","No superclass; companion method1434 ticks Class318_Sub6 effects"
"Class193","TextureHandle","Instance Class377 + anInt2584 handle freed in finalize()","Companion method1439 builds Class279 framebuffer raster (different purpose)"
"Class194","VarbitDefLoader","Instance Class60 cache + Class45 archive; method1446 loads Class146 from bytes","No superclass; standard cache-backed loader"
"Class195","RenderableGroup","Instance Interface1[] children + ha + implements Interface16; run/draw each child","implements Interface16; renderable container"
"Class196","SingletonMarker","Instance method1450 identity-compares against known static instances; toString throws","No real instance state; enum-like marker"
"Class197","EnvelopeInterpolator","Instance anIntArray2602/2605 points; linearly interpolates envelope; read from stream","No superclass; audio/animation envelope"
"Class16","SceneTilePlaneManager","object: shifts scene-object plane levels across Class357 tile grid via method258","object/singleton; companion holds Class148/Class45 refs; mutates tile/entity planes"
"Class17","WidgetDefinition","Large instance field set (arrays, flags, Class87 widget cache); interface/widget component definition","class; no super; holds layout/scroll/config fields for an interface element"
"Class18","GlFramebufferBlitter","Instance ha_Sub2 + Class206 FBOs; OpenGL glBlitFramebufferEXT/glTexCoord blit helper","class; uses jaggl OpenGL; multisample resolve / bloom-style framebuffer blit"
"Class198","SpriteTextureData","Instance holds parallel ShortArray/IntArray/ByteArray color/index buffers, no methods","No superclass/interface; pure data holder for texture/sprite pixel arrays"
"Class199","LoadingScreenState","Instance four primitive config flags/ints accessed by trivial getters","Companion method1455 draws loading progress bar; static differs from instance purpose"
"Class2","ModelOrSpriteHolder","Instance holds aR118 (r) and aClass64_119 references only","Companion sends Class46-pair packet; static unrelated to instance data"
"Class20",ConnectionStateRefs,The two Class114 fields are identity-compared to detect login/connection mode; the ints are incidentals,"Kotlin object (static-only); no instance state beyond two Class114 fields"
"Class200",ScriptResources,Holds font def + script table + sprite array — all script/interface rendering resources,"Kotlin object; pure static reference container"
"Class201","FileStoreLocator","Object resolves cache File via Hashtable across candidate dirs using RandomAccessFile","Kotlin object; locates/creates jagex_cache file store paths"
"Class202","SocketStreamWorker","Runnable wrapping Socket in/out streams with ring buffer aByteArray2663","implements Runnable; buffered socket reader/writer thread"
"Class203","ProjectileSpawner","Object placing Class318_Sub1_Sub2_Sub1 spatial entities into scene map","Kotlin object; uses tile coords/planes to spawn moving graphics"
"Class204","MidiTrackReader","Instance reads MIDI events via Class348_Sub49, tracks per-track tick offsets","No superclass; parses multi-track MIDI timing/messages"
"Class205","CircleDrawer","Object rasterizes filled circle scanlines into Class17 line arrays","Kotlin object; midpoint circle fill drawing routine"
"Class206","FrameBufferObject","implements Interface11; wraps GL framebuffer (glGenFramebuffersEXT) with attachments","Companion method1501 handles audio/sound effects; static differs from FBO instance"
"Class207","SpriteImage","Instance has pixel/palette ByteArrays, width/height/offsets, flip/rotate/crop methods","Companion decodes sprite archive into Class207 array; indexed-color image"
"Class208","BufferedOutputStreamWorker","Runnable ring-buffer writer wrapping OutputStream on daemon thread","implements Runnable; non-blocking buffered output writer"
"Class209","UnusedToStringStub","Instance only overrides toString throwing IllegalStateException","No real instance data; companion holds Class348_Sub16_Sub3 sound ref"
"Class21","CameraRotationStub","Instance overrides toString throwing; all logic static","Companion method289 computes camera rotation trig matrices; instance is stub"
"Class210","VorbisFloorDecoder","Instance reads floor curve codebooks via bit-reader, renders FloatArray spectrum","No superclass; Vorbis floor1 audio decoder (dB float table)"
"Class211","SoundEnvelope","Instance has form/start/end/duration envelope ints, synthesizes Class348_Sub1 sound","Companion method1538 decodes player movement; static unrelated to envelope"
"Class212","CompressedBlockDecoder","Object bit-reads via Class40 to decode compressed block","Kotlin object; Huffman/LZ bit-level decompression using Class40"
"Class213","ItemDefinition","Instance has names, model ids, retexture/recolour shorts, stack/team/options config","Large item config; companion method1568 copies pixel rect (unrelated util)"
"Class214","ArrayCopyUtil","Object provides typed System.arraycopy-style fill/copy helpers","Kotlin object; bulk array copy/clear for int/float/byte/short/object"
"Class215","GameDisplayManager","Object resizes/repositions canvas, manages fullscreen Frame and applet container","Kotlin object; display-mode/screen layout controller"
"Class216","FloatGrid","implements Interface13; instance holds width*height FloatArray buffer","Companion method1583 draws fullscreen overlay; static differs from float grid"
"Class217","ParticleAmountCache","Instance caches Class159 by id in Class60 from Class45 archive","No superclass; loads/caches Class159 resources with synchronized Class60"
"Class218","MapSceneIconDef","Instance has model id/flags, builds Class105 model and Class207 sprites","Companion places/animates scene decorations; instance is map icon definition"
"Class219","ModelDefinitionCache","Instance caches Class31 models in Class60 from Class45 archives","Companion method1600 moves Class318_Sub1_Sub3_Sub3 actor; static differs from cache"
"Class22","HslColorConfig","Instance parses color config and converts RGB to HSL ints","Companion method294/295 render tiles and blit; instance is color/config holder"
"Class220","TrigLookupInit","Object initializes sin/cos lookup tables into other classes","Kotlin object; precomputes 256-entry trig tables"
"Class221","ScreenAnchorAlignment","Instance toString-stub; method1607 computes alignment offset by identity compare","Singleton-like anchor enum-ish; compares against static anchor instances"
"Class222","UnderlayDefinition","Instance loads Class207 sprite from Class166 via cached config","Reads ground/underlay config buffer; caches Class207 by id"
"Class223","ProjectileFactory","Instance toString-stub; companion method1614 builds Class348_Sub9 projectile/spotanim","Instance trivial; static creates projectiles for npc/player/Class51"
"Class224","JavaScriptBridge","Object wraps (commented) JSObject eval/call on GameApplet","Kotlin object; browser JS interop (currently stubbed out)"
"Class225","NpcDefinition","Instance has model ids, combat config, head icons, transform/options arrays","NPC config with morph variants; builds Class101 anim parts"
"Class226","TextureDefinitionCache","Instance loads Class348_Sub42_Sub11 textures from two Class45 archives","No superclass; cached texture-definition loader"
"Class227","BoxedIntHolder","Instance has single anInt2970; toString-stub","Trivial wrapper; companion holds unrelated static int array/object"
"Class228","NativeLibraryUnloader","Object uses reflection to finalize/unload native libs from Hashtable","Kotlin object; also method1630 zoom logic; primarily native-lib cleanup"
"Class229","RenderConfigFactory","Class with companion method1631 instantiating Class241_Sub2/3/1 fallback","All members static; selects/creates Class241 (GL/render) implementation"
"Class23","SkeletalAnimFrameData","Instance holds two ByteArrays plus index/transform ints, no methods","Pure data holder; animation frame/skeleton transform buffers"
"Class230","SceneProjector","Instance has String/int label fields; companion projects 3D-to-screen and draws minimap","Instance is named-entry stub; static does scene projection/minimap blit"
"Class231","HudTabPanel","Instance has id/anInt2995 getter; companion renders chat/context menu HUD","Instance trivial id holder; static draws interface tabs/menus"
"Class232","TerrainTileGeometry","Instance builds GL vertex buffer (Interface8) from s_Sub2 tile heightmap","No superclass; uploads terrain mesh/texture to ha_Sub2 renderer"
"Class233","ParticleSortRenderer","Instance depth-sorts Class318_Sub9_Sub2 vertices, builds GL buffers via Interface2","No superclass; bucket-sorts and renders particle/billboard geometry"
"Class234","RandomAccessFileOnDisk","Instance wraps RandomAccessFile with length cap, read/write/seek/close","No superclass; on-disk file store with capacity limit and finalize warning"
"Class235","SceneObjectAnimator","Instance holds Class318_Sub1 entity, Class17 sequence, animates spot/graphic","No superclass; per-object animation/sound playback state machine"
"Class236","ModelVertexData","Instance holds many ShortArrays/IntArrays plus shorts/byte, no methods","Pure data holder; model geometry/color vertex buffers"
"Class237","WorldMapScene","open class; instance holds 3D byte/int tile arrays, Class268/Class183, blends terrain","Superclass of Class237_Sub1; scene/region tile map builder"
"Class237_Sub1","WorldMapSceneSoftware","extends Class237; adds object/npc render methods into software tiles","Subclass of Class237 specialized for software/scene-object drawing"
"Class238","AbstractGameSocket","abstract class; abstract read/write/available/close socket methods","Base network connection contract; Class238_Sub1 is concrete impl"
"Class238_Sub1","SocketGameConnection","extends Class238; wraps Socket with Class376 reader and Class208 writer","Concrete socket impl of Class238; companion also updates sound/projectiles"
"Class239","GraphicsOptionState","Abstract base: holds Class348_Sub51 context + state int (anInt3138), abstract get/set/default/recalc methods","Abstract superclass of Sub1-29 settings; companion static unrelated"
"Class239_Sub1","BooleanGraphicsOptionState","Variant of Class239: simple 0/1 toggle state, no context lookup","Extends Class239; companion statics unrelated (player-name chat lookup)"
"Class239_Sub10","RangedGraphicsOptionState","Variant of Class239: state clamped 0-4, plain stored value","Extends Class239; companion statics unrelated (accent stripping, sprite loading)"
"Class239_Sub11","BinaryGraphicsOptionState","Variant of Class239: 0/1 toggle, no context dependency","Extends Class239; companion statics unrelated (native library loadProgress)"
"Class239_Sub12","BloomGraphicsOptionState","Variant of Class239: 0/1 gated by setting-value check (Class348.method2714)","Extends Class239; reads aClass239_Sub25 setting; companion statics unrelated"
"Class239_Sub13","GroundDecorOptionState","Variant of Class239: state 0-2 from context mode","Extends Class239; companion static draws entity overhead text (unrelated)"
"Class239_Sub14","WaterDetailOptionState","Variant of Class239: state 0-2, downgrades vs sibling Sub3 setting","Extends Class239; companion statics unrelated (loading screen, fps benchmark)"
"Class239_Sub15","TextureQualityOptionState","Variant of Class239: state 0-2 from anisotropy threshold (method1458>=96)","Extends Class239; ctor/setter notify Class126; companion statics unrelated"
"Class239_Sub16","ShadowQualityOptionState","Variant of Class239: state 0-1 depending on sibling Sub9 setting","Extends Class239; reads aClass239_Sub9; companion statics unrelated"
"Class239_Sub17","ParticleDetailOptionState","Variant of Class239: state 2 or 4 from context level (method1462>1)","Extends Class239; companion statics unrelated (UTF-8 decode, debug menu)"
"Class239_Sub18","LightDetailOptionState","Variant of Class239: state 0-2 gated by context flag and sibling Sub9","Extends Class239; reads aClass239_Sub9; companion statics unrelated (packet flush IO)"
"Class239_Sub19","NoOpGraphicsOptionState","Variant of Class239: trivial state, no clamp, no context reads","Extends Class239; companion statics unrelated (message packet build)"
"Class239_Sub2","CameraDistanceOptionState","Variant of Class239: 0/1 from context flag; companion drives view-distance scaling","Extends Class239; method1725 computes draw distance from terrain heights (companion, differs)"
"Class239_Sub20","FogOptionState","Variant of Class239: 0-2 gated by setting-value check (method2714)","Extends Class239; reads aClass239_Sub25; companion holds keyframe int-array table (unrelated)"
"Class239_Sub21","RemoveRoofsOptionState","Variant of Class239: 0/1 toggle gated by context flag (method3425)","Extends Class239; companion statics unrelated (string compare, terrain overlay shapes)"
"Class239_Sub22","SimpleBinaryOptionState","Variant of Class239: plain 0/1 stored toggle, no dependencies","Extends Class239; minimal companion (single Class114 cleanup)"
"Class239_Sub23","AntialiasOptionState","Variant of Class239: 0-2 gated by context flag and Sub25 setting","Extends Class239; reads aClass239_Sub25; companion loads Class143 sprite (unrelated)"
"Class239_Sub24","SceneryDetailOptionState","Variant of Class239: 0-2 from context mode + sibling Sub9","Extends Class239; companion has model labels, file read, debug hover (unrelated)"
"Class239_Sub25","DisplayModeOptionState","Variant of Class239: instance bools track ready/dirty; state 0-5 from device capability","Extends Class239; only sub with instance fields; read by many siblings; companion HSV palette/sync unrelated"
"Class239_Sub26","DetailLevelOptionState","Variant of Class239: state 0-127 (granular slider), plain stored value","Extends Class239; read by Sub10; companion statics unrelated (entity move lerp, radix parse)"
"Class239_Sub27","DefaultGraphicsOptionState","Variant of Class239: state from context mode==Class230 capability check","Extends Class239; companion holds Class341 + math static (unrelated)"
"Class239_Sub28","TwoStateOptionState","Variant of Class239: 0/1 toggle, no context dependency","Extends Class239; companion statics unrelated (interface bounds, Class46 component resize)"
"Class239_Sub29","MultiLevelOptionState","Variant of Class239: state clamped 0-4, plain stored value","Extends Class239; companion statics unrelated (char validation, scene state reset)"
"Class239_Sub3","ChatEffectsOptionState","Variant of Class239: rich state 0-3 combining Sub25/Sub8 siblings + bit flags","Extends Class239; central setting read widely; companion has Class352 font/loader cache (unrelated)"
"Class239_Sub4","LightingOptionState","Variant of Class239: 0/1 from context mode + capability flag","Extends Class239; companion holds sin/cos lookup tables (unrelated to instance)"
"Class239_Sub5","SimpleToggleOptionState","Variant of Class239: plain 0/1 toggle, no context reads","Extends Class239; companion statics unrelated (player skip-region init)"
"Class239_Sub6","BrightnessOptionState","Variant of Class239: state 0-3 from context brightness value (thresholds)","Extends Class239; companion holds base64 decode table (unrelated)"
"Class239_Sub7","IdleAnimationsOptionState","Variant of Class239: 0-2 gated by context flag + sibling Sub24","Extends Class239; reads aClass239_Sub24; no companion statics"
"Class239_Sub8","FlickeringEffectsOptionState","Variant of Class239: state 2/3 from context flag (method1456); read by Sub3","Extends Class239; companion has big sprite-list comparator/sort statics (unrelated)"
"Class239_Sub9","CustomCursorsOptionState","Variant of Class239: 0/1 from context mode, escalates via Sub16/Sub24/Sub18 siblings","Extends Class239; reads several sibling settings; companion minimal cleanup"
"Class24","ModelDataCache","Object holding Class60 cache + ByteArray[1000] + Class318_Sub1_Sub3 array for cached data","Kotlin object (all static); method298 reads display setting then submits packet"
"Class240","WorldMapRenderer","Instance impl of Interface1 holding Class339 (map source) + Class125 (widget); draws map labels via Class324 font","Implements Interface1 (method7/8/9); companion statics unrelated (tile-height scaling)"
"Class241","BufferPositionTracker","Abstract: get/set length+position longs, validate-and-set (bounds-checks length)","Abstract superclass; companion accesses Class348_Sub8.aClass241 singleton + Class351"
"Class241_Sub1","NanoTimerHighPrecision","Variant of Class241; overrides timing using Class62 nanosecond clock with smoothing","Extends Class241; nanosecond source + 10-sample averaging ring buffer"
"Class241_Sub2","NanoTimerJagex","Variant of Class241; timing via jagmisc nanoTime() with averaging","Extends Class241; imports jagex3 nanoTime, throws if zero"
"Class241_Sub3","NanoTimerSystem","Variant of Class241; timing via System.nanoTime() with averaging","Extends Class241; uses System.nanoTime and 10-sample smoothing"
"Class242","ManagedGlResource","Holds ha_Sub2 and long handle; finalize releases GL resource by id","Constructed with ha_Sub2 and long; finalizer calls method3769 to free"
"Class243","DoublyLinkedNodeList","Circular sentinel Class318 list with insert/iterate/clear methods","Sentinel node head; forward/backward traversal cursor"
"Class244","TextureMetadataProvider","Implements d; loads Class12 entries and Class348_Sub42_Sub5 pixel data from archives","Implements interface d; backed by Class45 archives and Class308 cache"
"Class245","DebugOverlayRenderer","Static debug HUD; only field is IntArray for occlusion vertex colors","object (singleton); draws dynamic/occluder stats to Class324 graphics"
"Class246","ParticleEmitterFactory","Abstract; method1888 produces Class348_Sub42_Sub8 particle from template","Abstract base; companion holds particle config arrays"
"Class246_Sub1","ScaledParticleEmitter","Variant of Class246; emits Class348_Sub42_Sub8_Sub1 scaled-particle instance","Extends Class246; overrides method1888 to wrap scaled particle"
"Class247","VideoAdChecker","Static; checks applet showingVideoAd state and color packing helpers","object (singleton); reflection into applet via Class224"
"Class248","MediaStreamClient","Manages Class202 socket with queued Class348_Sub42_Sub16_Sub1 chunks for streaming download","Multiple Class107 queues, Class348_Sub49 buffers, IOException handling, XOR decode"
"Class249",TileTransform,Core purpose is 4-way tile orientation math; Class21 ref tracks active camera context,"object (singleton); instance content minimal, mostly static"
"Class25",SpriteStore,"Loads and caches sprites; ""store"" captures both responsibilities better than ""cache""","Constructed with Class230/Class45; companion has unrelated color/sprite helpers"
"Class250","BackgroundWorkerThread","Implements Runnable; loops over Class279 array calling method2084 until stopped","Implements Runnable; volatile flags; companion has password-masking string util"
"Class251","ConfigFlagUtil","Instance only has throwing toString; all logic is static config helpers","Class with no real instance state; companion does Class46 visibility logic"
"Class252","SmoothingBuffer","Holds two IntArrays sized by anInt3241 for paired value buffers","Constructed with size int; companion has curve interpolation helper"
"Class253","CameraConfigDefinition","Parses Class348_Sub49 stream into camera/zoom-like int fields","readUnsignedShort/Byte decode of fields; companion has render+chat utils"
"Class254","EmoteDefinition","Parses Class348_Sub49 into char/string/int config fields","Fields incl. char, string, bool; method462 char decode; companion misc"
"Class255","ModelHeaderCache","Loads Class213 definitions from Class45, caches in Class60/Class175","Constructed with Class45 archives; method1932 builds Class105 models via ha"
"Class256","SpotAnimDefCache","Static loader of Class174 from Class45 into Class60 cache","object (singleton); resolves Class174 by id with archive read"
"Class257","RequestGate","Synchronized; queues Interface19 callbacks in Class262 until counter ready","object (singleton); aClass262_3297 holds pending Class348_Sub28 jobs"
"Class258","GlTexture","Abstract GL texture; glGenTextures, mipmap/filter params, bind via ha_Sub2","Abstract, implements Interface9; subclasses are texture dimensionalities"
"Class258_Sub1","GlTexture3D","Variant of Class258; 3D texture (target 32879) via glTexImage3D","Extends Class258; framebuffer3D attach, copyTexSubImage3D"
"Class258_Sub2","GlTextureCubeMap","Variant of Class258; cubemap (target 34067) with 6 faces","Extends Class258; framebuffer2D attach per face"
"Class258_Sub3","GlTexture2D","Variant of Class258; 2D texture (3553) with copy/sub-image upload","Extends Class258; open class, PixelGrabber/MediaTracker imports"
"Class258_Sub3_Sub1","GlTexture2DRegion","Variant of Class258_Sub3; adds width/height/UV-scale fields","Extends Class258_Sub3; tracks float coord scales and rectangle dims"
"Class258_Sub4","GlTexture1D","Variant of Class258; 1D texture (target 3552) via glTexImage1D","Extends Class258; wrap-mode helper; companion has palette arrays"
"Class259","KeyboardLayoutCache","Loads Class160 definitions from Class45 archive into Class60 cache","Constructed with Class45; companion has byte buffer + Class305"
"Class26","SpriteArchiveLoader","Loads Class348_Sub19_Sub1 images via Class317/Class348_Sub10 from Class45 archives","Two Class356 caches and two Class45 archives; index/hash lookup"
"Class260","WalkingTypeUtil","Static; movement-type predicate and Class293 array cleanup","object (singleton); Class45 + int arrays, minimal instance"
"Class261","NpcDefinitionCache","Loads Class225 definitions from Class45 archive into Class60 cache","Constructed with Class45; synchronized cache accessors"
"Class262",NodeDeque,Circular doubly-linked sentinel list with head/tail add and bidirectional iteration,"Sentinel aClass348_3334 head; companion has Canvas/object fields"
"Class263","SeqDefinitionCache","Loads Class51 definitions from Class45, multiple Class60 caches","Constructed with Class45 archives; several linked-list/cache members"
"Class264","CompassSmoother","Tracks angle toward target with acceleration for smooth rotation","anInt3370 current angle, anInt3365 velocity; masks to 0x3fff"
"Class265","SplashImageLoadable","Implements Interface1; loads/draws a Class105 splash image scaled to screen","Implements Interface1; Class120 + Class45 + Class105 image"
"Class266","ModelVertexNormal","Plain data holder of shorts/ints/byte, no methods","No superclass/interface; pure struct of geometry/color fields"
"Class267","SlotBinding","Holds Class69 key and Interface7 value with validation","Private ctor; validates Interface7.method32 matches Class69; singleton in companion"
"Class268","LocDefinitionCache","Loads Class277 definitions from Class45 archive into Class60 cache","Constructed with Class45; synchronized Class60 cache accessors"
"Class269","NormalMapGenerator","Builds Interface18 normal-map/terrain textures from procedural noise via ha_Sub3","Holds Interface18_Impl1/Impl3 arrays; sqrt-based normal computation"
"Class27","ProjectileConfigUtil","Static-only object; LOD scale selection and Class356/Class341 holders","object (singleton); no instance members"
"Class270",ArchiveFileConditionWrapper,Single instance field wrapping an ArchiveFileCondition,"Holds anInterface8_3463; companion has unrelated int array"
"Class271","ParticleEffectCache","Loads Class348_Sub42_Sub7 from Class45 archive into Class60 cache","Constructed with Class45; synchronized cache lookup"
"Class272","SocketFactory","Abstract; opens java.net.Socket to host/port; subclasses provide method2050","Abstract; host string + port int fields; companion has connection-mode util"
"Class272_Sub1","DirectSocketFactory","Variant of Class272 socket factory; opens direct connection ignoring proxy","Extends Class272; method2050 returns direct Socket via method2047"
"Class272_Sub2","ProxySocketFactory","Variant of Class272; selects system proxy, sends HTTP CONNECT/SOCKS","Extends Class272; uses ProxySelector, AuthenticationInfo; companion holds reflection Class refs"
"Class273","BoundsConstraintEntry","Implements Interface21; holds name string and int constraint","Implements Interface21; toString throws; companion has static collision/flag helpers"
"Class274","LocalizedText","Holds 4-element String array (EN/DE/FR/PT translations)","No super; method2063 indexes language; companion is huge static message table"
"Class275","CollisionMapAccessor","Static collision/flag map lookups via tile coordinates","object (singleton); operates on aa_Sub1 collision arrays; not an instance type"
"Class276","VorbisCommentHeader","Reads bit-packed header fields into int arrays from stream","No super; init parses bitstream; audio/ogg comment-like structure"
"Class277","LocTypeConfig","Reads object/loc definition fields from buffer (anim, ambient, model)","No super; method2069/2070 decode config opcodes; holds Class268 ref"
"Class278","BufferedMessageQueue","Holds three synchronized Class60 byte buffers for outgoing data","No super; synchronized method578/590; producer/consumer queues"
"Class279","SoundChannelMixer","Base audio output: timing loop, sample buffers, fills/writes audio","open class; subclasses override device write; uses Class348_Sub16 audio nodes"
"Class279_Sub1","JavaSoundOutput","Variant of Class279 writing to javax.sound SourceDataLine","Extends Class279; uses AudioSystem/SourceDataLine; companion caches SourceDataLine class"
"Class279_Sub2","NativeSoundOutput","Variant of Class279 delegating to native Interface20 audio device","Extends Class279; wraps Interface20 from Class297; companion holds shared device"
"Class28","ItemNameResolver","Implements Interface15; resolves display name string by component type","Implements Interface15 (method54 returns String); companion holds unrelated static caches"
"Class280","GroundDecorRenderer","Renders scene tile decorations/overlays via ha_Sub3 GL pipeline","No super; uses ha_Sub3, Interface5_Impl1/2 buffers, Class318_Sub9_Sub2 arrays"
"Class281","ClanChatRequestSender","Builds and sends clan-join packet with channel name string","object (singleton); writes packet via Class348_Sub47; also has hash helper"
"Class282","NpcEntityUpdater","Updates NPC/player on-screen markers each frame from scene queue","object (singleton); iterates Class348_Sub42_Sub18 list; not instance state"
"Class283","DataHolder","Holds int and string instance fields; purpose minimal","No super; instance has anInt3657/aString3663; companion has unrelated arrays/helpers"
"Class284","ViewportTransform","Holds many camera/viewport int fields with field equality check","No super; method2115 compares fields; companion has GL benchmark and offset tables"
"Class285","GlBufferObject","Abstract OpenGL VBO wrapper (glGenBuffersARB, bind, upload)","abstract, implements Interface5; NativeHeapBuffer, GL buffer id; subclasses pick target"
"Class285_Sub1","GlVertexBufferArb","Variant of Class285 using GL_ARRAY_BUFFER (34962) target","Extends Class285, implements Interface5_Impl1; vertex attribute buffer"
"Class285_Sub2","GlIndexBufferArb","Variant of Class285 using GL_ELEMENT_ARRAY_BUFFER (34963) target","Extends Class285, implements Interface5_Impl2; holds Class68 index format"
"Class286","MaterialPass","Abstract render/material pass applied through ha_Sub2 GL renderer","abstract; subclasses implement bind/draw via ha_Sub2; companion has unrelated decode helper"
"Class286_Sub1","ArbFogMaterialPass","Variant of Class286 using ARB fragment programs with fog params","Extends Class286; glBindProgramARB, glProgramLocalParameter4fARB; holds Class171 programs"
"Class286_Sub2","FixedFunctionMaterialPass","Variant of Class286; no-op fixed-function pass delegating to renderer","Extends Class286; only calls ha_Sub2 state toggles, no GL program"
"Class286_Sub3","WaterMaterialPass","Variant of Class286; animated ARB program with texture matrices","Extends Class286; glLoadMatrixf, glProgramLocalParameter, Class83 textures"
"Class286_Sub4","GlslMaterialPass","Variant of Class286 using GLSL shader objects with uniforms","Extends Class286; glUseProgramObjectARB, glUniform*ARB; holds Class337 program"
"Class286_Sub5","TexGenMaterialPass","Variant of Class286 generating texture coordinates via glTexGen","Extends Class286; glTexGenfv/glTexGeni, Class83 animated textures"
"Class286_Sub6","GlslEnvMaterialPass","Variant of Class286; GLSL shader pass with environment texture","Extends Class286; glUseProgramObjectARB, glUniform*ARB, Class337 program"
"Class286_Sub7","ScrollTexMaterialPass","Variant of Class286; scrolling texture-coordinate generation pass","Extends Class286; glTexGenfv, push/pop matrix, Class83 textures"
"Class286_Sub8","CubeMapMaterialPass","Variant of Class286; reflection/cube-map texgen fixed-function pass","Extends Class286; glTexGeni reflection mode (34066), Class61 helper"
"Class286_Sub9","SphereMapMaterialPass","Variant of Class286; sphere-map texgen with rotation pass","Extends Class286; glTexGeni sphere mode (34065), glRotatef, Class258_Sub2 textures"
"Class287","TypedRecordTable","Holds Interface12 array decoded by Class223 type from stream","No super; method2182 dispatches by type token; method2183 reads array"
"Class288","ParticleEmitterDef","Implements Interface12; holds Class221/Class341 refs and ints","Implements Interface12 (method51 returns Class223); base record type"
"Class288_Sub1","ParticleEmitterDefExt","Variant of Class288 adding one extra int field and different type tag","Extends Class288; method51 returns different Class223; companion has identity matrix"
"Class289","RegionSceneLoader","Loads region map/landscape data; computes player tile bounds","object (singleton); manages aByteArrayArrayArray map data, Class262 queue"
"Class29","ConfigIdPair","Holds an int value (anInt400) constructed with two ints","No super; minimal instance; toString throws; companion only counters"
"Class290","BufferToggleState","Holds two Interface5_Impl1 vertex buffers plus enable flags","No super; method2195 binds buffer; companion has unrelated frame-setup helper"
"Class291","CutsceneSequenceData","Parses keyframe sequence: frame counts, per-frame int arrays, Class316s","No super; method2200 decodes versioned stream into many int arrays"
"Class292","MapArchiveSource","Implements Interface7; reports size/type from underlying Class45","Implements Interface7 (method31 size, method32 returns Class69); wraps Class45 store"
"Class293","SceneLoaderThread","Implements Runnable; worker waiting on queue to load scene tiles","Implements Runnable; volatile flags, wait/notify, ha + Class315 task"
"Class294","LoadingBarRenderer","Implements Interface16; reflectively reads applet loading-bar images/fonts","Implements Interface16; holds Image/Font/Color fields; companion has unrelated player arrays"
"Class295","LocalizedTextTriple","Holds three localized String fields (constructor reorders them)","No super; instance is 3 strings; companion has player-model/hash static helpers"
"Class296","HuffmanCodec","Builds Huffman code tables, compresses/decompresses byte data via codewords","Standalone class; companion has unrelated static helpers"
"Class297","PrivilegedOperationWorker","Runnable thread executing privileged ops: sockets, reflection, clipboard, frames","Implements Runnable; dispatches numbered Class144 work items"
"Class298","PixelBlender","Static alpha-blends two ARGB pixels; tile pathfinding helper","object (singleton); companion-style static rendering/path methods"
"Class299","CircleRasterizer","Abstract base; companion draws filled circles into scanline arrays","abstract class; static method2255 rasterizes circles"
"Class299_Sub1","Texture2DProvider","Abstract Class299 variant producing Class258_Sub2 textures","extends Class299; abstract method2256 returns Class258_Sub2"
"Class299_Sub1_Sub1","CubemapTexture2DSource","Lazily builds six-face Class258_Sub2 cubemap texture from sprite ids","extends Class299_Sub1; uses ha_Sub2 graphics device"
"Class299_Sub1_Sub2","CubemapTextureGlSource","Extends Class299_Sub1; builds Class258_Sub2 cubemap (GL variant sibling of Sub1_Sub1)","extends Class299_Sub1; texture provider variant"
"Class299_Sub2","TextureCubeProvider","Abstract Class299 variant producing Interface18_Impl2 cube textures","extends Class299; abstract method2266 returns Interface18_Impl2"
"Class299_Sub2_Sub1","CubemapTextureImplSource","Lazily builds six-face cubemap via ha_Sub3 returning Interface18_Impl2","extends Class299_Sub2; uses ha_Sub3 graphics device"
"Class3","CacheStateResetter","object resetting many static client/cache references to null/-1","object (singleton); purely static teardown logic"
"Class30","CircleHitbox","Instance stores circle center/radius bounds; point-in-circle hit test","method321 does squared-distance containment test"
"Class300","ParticleConfigParser","Parses int fields from Class348_Sub49 buffer into instance config","companion factory builds Class124/Class348_Sub47"
"Class301","HeightMapNoise","object computing terrain height interpolation and Perlin-style noise","object (singleton); static height/noise math"
"Class302","MinimapPositionState","object tracking minimap/player position ints; rendering helpers","object (singleton); uses Player position and sprites"
"Class303","ProjectileDefinition","object parsing Class125 graphic/projectile defs from buffer","object (singleton); method2287 reads Class348_Sub49"
"Class304","TextureFormatInfo","Instance wraps single int; throws in toString","companion has byte-fill and texture helper statics"
"Class305","ParticleSystemRenderer","Instance manages Class72 array, sprite Class105, depth-sorted draw","method2292/2293 cull and render via ha graphics"
"Class306","WorldMapToggle","object creating ha renderer and sending chat/map packets","object (singleton); method2297 builds ha graphics"
"Class307","SkeletonSequenceLoader","object loading Class252 animation skeleton data from Class45 archive","object (singleton); reads frames from Class348_Sub49"
"Class308","CacheLruCache","Instance LRU-style cache of Class348_Sub42 via Class356 table and Class107 queue","method2302/2304 fetch/evict cached entries"
"Class309","ConfigVarProgress","Instance wraps config String implementing Interface7 progress query","implements Interface7; overrides method31/method32"
"Class31","ItemModelDefinition","Instance holds item def fields (name, model, colors) loading Class105 models","reads from Class348_Sub49; uses Class219 archive"
"Class310","D3DBaseTexture","Abstract DirectX texture base holding Class378 device, returns IDirect3DBaseTexture","abstract; subclasses are cube/2D/volume textures"
"Class310_Sub1","D3DCubeTexture","Class310 cube-texture variant wrapping IDirect3DCubeTexture","extends Class310, implements Interface18_Impl2"
"Class310_Sub2","D3DTexture2D","Class310 2D-texture variant wrapping IDirect3DTexture","extends Class310, implements Interface18_Impl3"
"Class310_Sub3","D3DVolumeTexture","Class310 volume-texture variant wrapping IDirect3DVolumeTexture","extends Class310, implements Interface18_Impl1"
"Class311","ResourceLoaderThread","Runnable worker loading queued Interface16 resources via Class56","implements Runnable; manages Interface16 request queue"
"Class312","WidgetRedrawTracker","Instance tracks Class348/Class262 widget for redraw dirty-state","constructor takes Class262; toggles Class348 linked node"
"Class313","SkyboxGradient","object holding Class223 gradient and float fog/sky params","object (singleton); sends Class348_Sub47 packets"
"Class314","ResourceProvider","Abstract provider: get bytes, Class291 metadata, load/state by id","abstract; subclass implements archive-backed loading"
"Class314_Sub1","ArchiveResourceProvider","Class314 impl loading bytes/Class291 from Class45/Class356 cache","extends Class314; uses Class137, Class248, Class356"
"Class315","CacheIndexManager","Instance keyed by name, manages Class318 hashtable entries via Class243","constructor takes String; method2362 returns Class318 nodes"
"Class316","IntHashSet","Instance open-addressed int hash set sized to power-of-two","method2365 lookups; companion has unrelated statics"
"Class317","AudioClipDefinition","Instance builds Class348_Sub19_Sub1 PCM sample from Class80 envelopes","private ctor from Class348_Sub49; companion factory method2372"
"Class318","SceneLinkedListNode","Instance doubly-linked list node with prev/next Class318 pointers","open base; method2373 unlinks node"
"Class318_Sub1","SceneEntity","Abstract scene node with x/y/plane; render/cull methods via ha graphics","extends Class318; many abstract render/Class30 hitbox methods"
"Class318_Sub10","SceneGraphContainer","Class318 node holding Class262, Class98, Class318_Sub9 entity array","extends Class318; manages Class129/Class342 scene graph"
"Class318_Sub1_Sub1","TileSceneEntity","Abstract Class318_Sub1 located on world tile grid via Class362 shift","extends Class318_Sub1; method2382 visibility from tile coords"
"Class318_Sub1_Sub1_Sub1","WallSceneEntity","Concrete tile entity rendering Class30 hitbox, implements Interface10","extends Class318_Sub1_Sub1, Interface10; uses Class235"
"Class318_Sub1_Sub1_Sub2","GroundDecorSceneEntity","Concrete tile entity with r model/Class64, implements Interface10","extends Class318_Sub1_Sub1, Interface10; builds Class2"
"Class318_Sub1_Sub2","SceneObjectEntity","Abstract Class318_Sub1 subclass: locatable entity with plane/x/y render and tile lookup","Variant family base; nested companion holds Class60/Class70 model data"
"Class318_Sub1_Sub2_Sub1","DynamicSceneObjectEntity","Concrete Class318_Sub1_Sub2 with id refs, angle via atan2, builds Class318_Sub4 model","Resolves models from Class255 cache; orients from surrounding tile heights"
"Class318_Sub1_Sub3","GroundDecorEntity","Abstract Class318_Sub1: short-coord tile-bound entity with occupancy flags in long grid","Variant family base; reads/writes Class348_Sub42_Sub8_Sub2 long collision arrays"
"Class318_Sub1_Sub3_Sub1","ModelGroundDecor","Concrete Class318_Sub1_Sub3 + Interface10; cached model via Class263, animated","Implements Interface10 tick/render; resolves model/anim from short id, Class51 config"
"Class318_Sub1_Sub3_Sub2","SequencedGroundDecor","Concrete Class318_Sub1_Sub3 + Interface10 driven by Class235 animation controller","Renders via Class235.method1668; holds Class318_Sub10 frame state"
"Class318_Sub1_Sub3_Sub3","ProjectedGroundDecor","Abstract Class318_Sub1_Sub3 with int/array vertex state for projected geometry","Many int arrays/angles; base for path/projectile-style decor"
"Class318_Sub1_Sub3_Sub4","MapElementDecor","Concrete Class318_Sub1_Sub3; resolves map element (Class319) by id, multi-tile span","Uses Class319 map-element def + scene tile arrays; toggleable"
"Class318_Sub1_Sub3_Sub5","TrackedGroundDecor","Concrete Class318_Sub1_Sub3_Sub3 with trig/distance tracking toward target coords","Extends projected variant; tracks via Class356 store, follows angle"
"Class318_Sub1_Sub4","ActorEntity","Abstract Class318_Sub1: actor-like entity with short coord, BigInteger, Class279","Variant family base; method2384 uses Class318_Sub9_Sub2 color array for selection"
"Class318_Sub1_Sub4_Sub1","NpcActorEntity","Concrete Class318_Sub1_Sub4 + Interface10; cached model via Class263, animated NPC","Implements Interface10; resolves model/anim by short id and Class51 config"
"Class318_Sub1_Sub4_Sub2","SequencedActorEntity","Concrete Class318_Sub1_Sub4 + Interface10 driven by Class235 animation controller","Renders via Class235.method1668; coords shifted >>9; Class318_Sub10 frame state"
"Class318_Sub1_Sub5","WallEntity","Abstract Class318_Sub1: wall-type entity with two shorts, Class144, Class110_Sub1","Variant family base; method2487 returns Class110_Sub1 (wall piece)"
"Class318_Sub1_Sub5_Sub1","ModelWallEntity","Concrete Class318_Sub1_Sub5 + Interface10; cached model via Class263, animated wall","Implements Interface10; resolves model/anim by short id, Class51 config"
"Class318_Sub1_Sub5_Sub2","SequencedWallEntity","Concrete Class318_Sub1_Sub5 + Interface10 driven by Class235 animation controller","Overrides full Class318_Sub1 abstract set; renders via Class235 anim"
"Class318_Sub2","SceneModelBuilder","Class318 subclass holding int buffer + Class147 array; builds/decodes models","method2497/2498 decode bytes into Class338 models; large build pipeline"
"Class318_Sub3","SceneOccluder","Small Class318 subclass: bounds ints + flag, visibility test method2500","Likely view/occlusion culling region descriptor"
"Class318_Sub4","SceneEntityModel","Class318 subclass bundling a Class318_Sub1 plus array of Class318_Sub3","Render bundle returned by entity method2386; pairs entity with occluders"
"Class318_Sub5","SceneTextLabel","Class318 subclass with String + several ints; positioned overhead text","method2505 lays out text; String field aString6416"
"Class318_Sub6","SceneEffectMarker","Class318 subclass referencing a Class318_Sub1_Sub3_Sub3 with color/float params","Holds shorts/float/int arrays; tied to projected decor effect"
"Class318_Sub7","SpotAnimEntity","Class318 subclass: animated spot/particle entity with Class129 def, Class284 vectors","Holds Class243 model, Class181, Class318_Sub10 frame; method2513 advances"
"Class318_Sub8","TileUnderlayShadow","Small Class318 subclass: tile coords + color short/byte arrays for shadow/blend","Stores ShortArray/ByteArray plus packed bytes; per-tile shading data"
"Class318_Sub9","SceneListNode","Open Class318 subclass with self-referential prev/next links (doubly linked)","Base linked-list node; method2514 unlinks node"
"Class318_Sub9_Sub1","NamedTimedNode","Class318_Sub9 with String + timestamp from Class62 clock","Variant of list node carrying name and creation time"
"Class318_Sub9_Sub2","PositionedSceneNode","Open Class318_Sub9 with x/y/z-style ints, byte flags; positioned list node","Variant of list node adding coords; companion color array"
"Class318_Sub9_Sub2_Sub1","ProjectileNode","Concrete Class318_Sub9_Sub2 owning a Class318_Sub7 spot anim; flight via sqrt","Variant: positioned node driving projectile; method2522 advances toward target"
"Class319","MapElementDefinitionCache","Class45 archive plus two Class60 caches loading Class368 records by id","Provider for Class368 map-element defs; double-cache, synchronized lookups"
"Class32","LongHashTable","Bucketed Class348_Sub42 linked-list hash table keyed by long","Chained hashtable with iterator state"
"Class320","TextureLoaderUtil","Object loading Class46 texture defs from Class229 archive","Pure singleton util; no instance fields"
"Class321","LocTypeDefinition","Parses many opcode fields (models, names, params) from buffer","Has Class356 params, model/recolor arrays, configs; config definition"
"Class322","ImageFrameCache","Holds 3D int-array image cache with Class262 LRU eviction","Caches IntArray frames; aBoolean4035 dirty flag"
"Class323","SystemFontGlyphs","Rasterizes AWT Helvetica glyphs into Class105 sprites","Builds 256-glyph sprite/width tables via PixelGrabber"
"Class324","Font","Abstract font with glyph layout, markup parsing, draw methods","Base for sw/gl font variants; abstract fa/method2578"
"Class324_Sub1","SoftwareFontPlain","Class324 variant drawing glyphs via ha_Sub1 pixel arrays","Software raster font; byte-mask glyph blitting"
"Class324_Sub2","GlFontTextured","Class324 variant rendering glyphs via ha_Sub3 GL textures","Hardware font atlas using Interface18_Impl3 texture, vertex buffer"
"Class324_Sub3","SoftwareFontPalette","Class324 variant blitting palette-indexed glyphs via ha_Sub1","Software font using anIntArray2697 palette lookup"
"Class324_Sub4","SoftwareFontAlpha","Class324 variant alpha-blending antialiased glyphs via ha_Sub1","Software font with per-pixel alpha masks"
"Class324_Sub5","GlFontDisplayList","Class324 variant drawing glyphs via ha_Sub2 GL display lists","Hardware font using Class61 lists and texgen"
"Class325","SpriteMaskShape","Per-instance shape index/size building alpha mask tables","Holds Class68 type and dimensions; generates triangular masks"
"Class326","EmoteDefCache","Class45 archive plus Class60 cache loading Class254 records","Simple id->Class254 provider with synchronized cache"
"Class327","FileIoUtil","Object with sleep and file-read-into-byte-array helpers","Pure util singleton; no instance state"
"Class328","ShaderObject","Base GL shader-program holder; subclasses are GL state tags","Companion compiles shaders (Class39); instance is empty marker"
"Class328_Sub1","ShaderState","Empty Class328 subclass acting as GL shader-state marker","Variant of Class328; only companion float array"
"Class328_Sub1_Sub1","ShaderStateVariant","Singleton Class328_Sub1 subclass holding a Class351 id","Leaf variant of ShaderState; object with packet class"
"Class328_Sub2","MaterialTypeMarker","Class328 subclass; companion loads Class120 from buffer","Variant of Class328; emitter/material category marker"
"Class328_Sub2_Sub1","MaterialTypeVariant","Singleton Class328_Sub2 subclass with long array","Leaf variant; holds aLongArray8800 only"
"Class328_Sub3","RenderQueueState","Singleton Class328 subclass holding Class229 and id buffer","Variant of Class328; global render/region state"
"Class329","PolygonFiller","Object rasterizing gradient/edge-filled polygons to pixel arrays","Stateful scanline fill engine; edge tables"
"Class33","CacheArchiveIndexLoader","Class45 archive plus Class60 cache loading Class117 records","Simple id->Class117 provider with synchronized cache"
"Class330","VideoStreamDecoder","ha_Sub3 plus s_Sub3 stream decoding frames into byte buffer","Holds Class97 frame grid; decodes per-region pixel data"
"Class331","CalendarUtil","Object with date int array and month-name string array","Pure singleton; date/time formatting helper"
"Class332","SoundCacheState","Object holding Class60 cache and array of sound objects (s)","Singleton sound/audio state holder"
"Class333","MapElementLookup","Instance wraps Class356 map returning Class348 entries","Has Class356 plus cached Class348; keyed accessor"
"Class334","CameraOrModelTransform","Instance int fields copied/cloned via method2648/method2649","Holds position/zoom (128 defaults); copyable transform"
"Class335","TimingCounters","Object holding only counter ints","Pure singleton state; no behavior of note"
"Class336","HslPaletteState","Object holding 256-entry short HSL palette array","Pure singleton color-palette holder"
"Class337","GlShaderProgramHandle","ha_Sub2 plus long GL handle freed in finalize","Native shader/program wrapper; finalize releases handle"
"Class338","MapTileShape","Instance vertex/color short and int arrays for a tile","Holds underlay/overlay corner colors and heights"
"Class339","MapRegionLoaderThread","Runnable owning a Thread loading Class295 map regions","Background loader; Class144 and Class295 array fields"
"Class34","SkeletalAnimFrameLoader","Class45 archive caching Class124 frames with short arrays","Holds Class150 base; loads/decodes animation frames"
"Class340","RsaPacketDecoder","Class248/Class112 plus BigIntegers decoding Class314_Sub1 records","RSA/Class348_Sub49 buffer decryptor producing crypto records"
"Class341","TileRenderState","Instance only overrides toString; companion holds render globals","Marker class; sprite/model render caches in companion"
"Class342","WidgetRedrawRegion","Instance dimensions plus next-link and Class101 for dirty regions","Linked dirty-rect node; holds bounds and image ref"
"Class343","BinaryBitReader","Instance reads packed bit fields (16/24-bit) from a source","Holds bit offsets and int array; bitstream reader"
"Class344","ByteStore","Abstract byte-block read/write/get storage","Base for buffered byte stores; abstract get/put/read"
"Class344_Sub1","NioByteStore","Class344 variant backed by a java.nio ByteBuffer","ByteBuffer-backed implementation of ByteStore"
"Class345","ParticleProcessor","Abstract transformer of Class348_Sub42_Sub9 particle nodes","Base with single abstract process method; caches in companion"
"Class345_Sub1","SubsampledParticleProcessor","Overrides method2694 returning Class348_Sub42_Sub9_Sub2 variant; thin Class345 subclass","Variant of Class345 producing a specific Class348_Sub42_Sub9 subtype"
"Class346","KeyboardInputSource","Abstract; returns Interface6 event, poll/clear/isKeyDown; base for input device","Implemented by Class346_Sub1 (AWT keyboard listener)"
"Class346_Sub1","AwtKeyboardListener","Class346 subclass implementing KeyListener/FocusListener; tracks key states, queues events","Variant of Class346; concrete AWT-bound keyboard input source"
"Class347","DragDropController","Instance ints; statics drive interface component drag/drop positioning","Mostly static drag-and-drop logic operating on Class46 components"
"Class348","LinkedListNode","Open base with prev/next pointers and unlink method2715; doubly-linked list node","Base node class for Class262/Class356 intrusive linked lists"
"Class348_Sub1","AbstractTileShape","Class348 node with x/y/z/color/float fields and abstract setters; geometry/tile descriptor","Base for Sub1_Sub1/2/3 tile or vertex variants"
"Class348_Sub10","VorbisAudioDecoder","Decodes packed Vorbis-like bitstream via MDCT into PCM samples","Produces Class348_Sub19_Sub1 audio sample; reads from Class45 cache"
"Class348_Sub11","KeyEventNode","Class348 node implementing Interface6; holds char/keycode/time/state fields","Variant queue element for keyboard events in Class346_Sub1"
"Class348_Sub12","BoundingBoxNode","Class348 node with min/max int bounds and method2799 overlap test","Two AABB intersection check; references Class348_Sub21"
"Class348_Sub13","ModelKeyBuilder","Class348 node with recolor int arrays; CRC64 key gen and Class64 model assembly","Builds/caches Class64 graphics objects keyed by CRC of inputs"
"Class348_Sub14","LongKeyNode","Class348 node wrapping a single long; hashtable key holder","Variant node; statics handle minimap rendering and login art (unrelated)"
"Class348_Sub15","MenuActionNode","Class348 node with id/Class55_Sub1/flags; statics manage scroll bounds and tooltips","Holds menu/action entry; references Class348_Sub16 audio tree"
"Class348_Sub16","AudioStreamNode","Abstract Class348 node; mixSamples/skip, child traversal, volume; audio graph base","Base for Sub16_Sub1..5: synth, mixer, sample player"
"Class348_Sub16_Sub1","SynthVoiceGroup","Class348_Sub16 holding Class262 of Class348_Sub43 voices; advances/mixes envelopes","Variant; per-channel active-note container with Sub16_Sub4 sub-mixer"
"Class348_Sub16_Sub2","PcmStreamBuffer","Class348_Sub16 queue of Class348_Sub42_Sub4 PCM chunks; stereo mix with volume/pan","Variant; buffered decoded-audio playback (used by Vorbis stream)"
"Class348_Sub16_Sub3","MidiSequencePlayer","Class348_Sub16; parses MIDI tracks, manages 16 channels/patches, schedules notes","Variant; full MIDI synthesizer driving Sub16_Sub1 voice groups"
"Class348_Sub16_Sub4","AudioMixerScheduler","Class348_Sub16; two Class262 lists mixing child streams and time-ordered Class348_Sub30 tasks","Variant; sample-accurate scheduler/mixer of sub-streams"
"Class348_Sub16_Sub5","SampledVoice","Class348_Sub16; plays Class348_Sub19_Sub1 sample with rate/pan/loop interpolation","Variant; single resampled voice with envelope and looping"
"Class348_Sub17","SoundBankPatch","Class348 node; parses instrument patch (envelopes Class23, samples Class348_Sub19_Sub1)","Per-instrument sample set; method2929 shared exception wrapper"
"Class348_Sub18","InterfaceBounds","Class348 node with two int rectangles and hit-test/translate methods","Variant; UI region geometry; statics build Class373 game screen"
"Class348_Sub19","AbstractAudioSample","Abstract Class348 node with single anInt6824 field; base for sample data","Base for Sub19_Sub1 PCM sample holder"
"Class348_Sub19_Sub1","PcmSampleData","Class348_Sub19; byte sample array, loop start/end, sample rate; resampling target","Variant; concrete audio sample buffer with loop points"
"Class348_Sub1_Sub1","TerrainTileShape","Class348_Sub1; implements setters; static terrain renderers, map drawing","Variant of Sub1; tile used in minimap/world terrain build"
"Class348_Sub1_Sub2","HashTileShape","Class348_Sub1; implements setters; statics do MD5/Whirlpool hashing","Variant of Sub1; companion holds crypto helper, unrelated to instance"
"Class348_Sub1_Sub3","ParticleTileShape","Class348_Sub1; implements setters; static method2732 spawns particles","Variant of Sub1; tile linked to particle emission"
"Class348_Sub2","MidiFileBuilder","Class348 node; rebuilds compressed song stream into standard MIDI bytes","Holds reconstructed MIDI bytes + Class356 patch-bank map"
"Class348_Sub20","TextureTileRenderer","Class348 node; OpenGL tile mesh builder with NativeHeapBuffer/Stream vertex data","Variant; renders s_Sub2 terrain tiles via ha_Sub2 GL backend"
"Class348_Sub21","CameraSplineNode","Class348 node with int fields; static method2954 evaluates cubic camera spline path","Holds path/spline index; companion computes camera position/angles"
"Class348_Sub22","NpcReference","Class348 node wrapping an Npc; statics resolve Class46 components and reload screen","Variant; ties an NPC to interface/menu logic"
"Class348_Sub23","OggBitstreamDecoder","Abstract Class348 node over OggStreamState; abstract packet decode methods","Base for Sub23_Sub1 Vorbis; static sin/cos tables, video startup"
"Class348_Sub23_Sub1","VorbisOggDecoder","Class348_Sub23; uses jagtheora Vorbis to decode Ogg into PCM","Variant; feeds Class348_Sub16_Sub2 buffer, resamples via Class163"
"Class348_Sub23_Sub2","TheoraVideoStream","Holds TheoraInfo/DecoderContext/Frame; decodes Ogg/Theora video packets into Class105 images","Subclass of Class348_Sub23; Theora video-codec stream variant"
"Class348_Sub23_Sub3","NullOggStream","Stub subclass of Class348_Sub23 with empty packet/clear overrides","No-op Ogg stream variant; companion builds Class238_Sub1 from a Socket"
"Class348_Sub23_Sub4","KaraokeSubtitleStream","Parses subtitle ('SUB') packets: position, dimensions, timed text, floats","Subtitle/caption Ogg stream variant; produces displayable timed text"
"Class348_Sub24","ClientGameLoopNode","Two-int instance; companion drives per-frame networking/packet-build game loop","Node subclass; instance thin, behavior largely in static loop; approximate name"
"Class348_Sub25","ImageBoxBlurScroller","Pixel IntArray and dimension; scroll/wrap and box-blur the pixel grid","Class348 node holding an image buffer with blur and offset operations"
"Class348_Sub26","NamedIdEntry","Volatile String name and volatile int id (-1 default)","Simple Class348 record node pairing a name with an integer id"
"Class348_Sub27","MultiFieldRecord","Flat record of ~12 int fields, no methods","Plain data-holder Class348 node; coordinate/state values"
"Class348_Sub28","DisposableHolder","Holds a single Interface19 reference","Thin wrapper Class348 node carrying one Interface19 instance"
"Class348_Sub29","ShortKeyNode","Holds one Short; hashtable value keyed by terrain tile in Sub32/Sub38","Class348 node; stores a vertex/index short"
"Class348_Sub3","ModelVertexColorBuffer","Builds native vertex/color stream for s_Sub3 model via ha_Sub3 hardware buffers","Class348 node; uploads per-face colors to GPU NativeHeapBuffer/Stream"
"Class348_Sub30","AbstractEffectNode","Abstract Class348 node with int field and abstract apply(Class348_Sub16_Sub4) + reset","Base for effect/processor nodes operating on audio mixer input"
"Class348_Sub31","AbstractFrameBufferSurface","Abstract Class348 node with pixel IntArray, dimensions, abstract canvas init/blit","Base for AWT-backed off-screen drawing surfaces"
"Class348_Sub31_Sub1","BufferedImageSurface","Concrete surface backing pixels with BufferedImage/DirectColorModel","Variant of Class348_Sub31 using java.awt.image BufferedImage"
"Class348_Sub31_Sub2","ProducerImageSurface","Concrete surface implementing ImageProducer, pushing pixels to ImageConsumer","Variant of Class348_Sub31 using ImageProducer/ImageConsumer pipeline"
"Class348_Sub32","TerrainShadowBuilderGl2","Computes per-tile terrain normals/shadow colors, building geometry via ha_Sub2/s_Sub2","Class348 node; ha_Sub2 render-backend variant of terrain shadow/normal builder"
"Class348_Sub33","AnimationFrameDefinition","Parses byte stream into per-transform type/delay/group arrays for a skeletal frame","Class348 node decoding animation/frame transform definition data"
"Class348_Sub34","IntPair","Holds exactly two int fields, no methods","Minimal Class348 record node storing a pair of integers"
"Class348_Sub35","IntKeyNode","Holds one int; default and int constructors","Class348 node; single-integer value/key holder"
"Class348_Sub36","WidgetActionEntry","Bundles ints, two Class46s, Object array, flag, string into one record","Class348 record node; UI/menu action descriptor"
"Class348_Sub37","HashTableContainer","Wraps an owned Class262 hash table","Class348 node serving as a keyed collection holder"
"Class348_Sub38","TerrainShadowBuilderGl3","Computes terrain normals/shadow colors building geometry via ha_Sub3/s_Sub3 streams","Class348 node; ha_Sub3 GPU-stream variant counterpart of Class348_Sub32"
"Class348_Sub39","ShortByteArrayPair","Holds a ShortArray and a ByteArray, no methods","Class348 record node pairing two parallel primitive arrays"
"Class348_Sub4","ClientMachineInfo","Gathers OS/arch/JVM/CPU details and serializes them to a packet stream","Class348 node; machine/system fingerprint sent during login"
"Class348_Sub40","AbstractProceduralTextureNode","Abstract Class348 node: filter graph with child array, RGB and monochrome outputs, config parse","Base for procedural texture/material effect nodes"
"Class348_Sub40_Sub1","ColorThresholdEffect","Compares channels against thresholds, scaling colors within tolerance band","Color-output variant of Class348_Sub40; chroma threshold/key filter"
"Class348_Sub40_Sub10","BrightnessContrastEffect","Remaps channel values into a configurable min..max range (levels)","Color and monochrome variant of Class348_Sub40; brightness/contrast filter"
"Class348_Sub40_Sub11","RadialGradientMaskEffect","Monochrome radial/angular falloff mask from coordinate arrays","Monochrome-output variant of Class348_Sub40; gradient/aperture mask"
"Class348_Sub40_Sub12","GradientLookupEffect","Maps luminance through a 257-entry color ramp built from keyframe stops","Color variant of Class348_Sub40; gradient/palette colorization"
"Class348_Sub40_Sub13","GrayscaleEffect","Monochrome effect outputting average of the three RGB channels","Monochrome-output variant of Class348_Sub40; desaturate/luminance"
"Class348_Sub40_Sub14","CurveTextureNode","Builds 257-entry curve LUT from control points; cubic interpolation","Mono node; control-point spline applied to input via lookup table"
"Class348_Sub40_Sub15","BrightnessTextureNode","Mono node scales pixels by anInt9220 brightness factor","Multiplies monochrome input values; default factor 4096"
"Class348_Sub40_Sub16","CombineTextureNode","Colour node adds two child RGB inputs per channel","Sums inputs 0 and 1; configurable mono/colour combine"
"Class348_Sub40_Sub17","SpriteTextureNode","Loads sprite pixels via Class207; base for image-backed nodes","Open base; exposes width/height/pixels for variant subclasses"
"Class348_Sub40_Sub17_Sub1","SpriteRgbTextureNode","Variant of Sub17 decoding sprite pixels into RGB channels","Extends SpriteTextureNode; unpacks 12-bit packed pixels to colour"
"Class348_Sub40_Sub18","ConstantColourTextureNode","Colour node fills all pixels with one constant RGB","Decodes packed colour; outputs uniform R/G/B across scanline"
"Class348_Sub40_Sub19","BlankTextureNode","Mono node returns shared zeroed scratch array unchanged","Trivial passthrough; minimal instance logic"
"Class348_Sub40_Sub20","NoiseTextureNode","Mono node hashes coordinates into pseudo-random per-pixel values","Integer hash producing white-noise texture output"
"Class348_Sub40_Sub21","WeaveTextureNode","Mono node draws sine-thresholded crossing stripe weave pattern","Uses sine table and angle offsets for interleaved bands"
"Class348_Sub40_Sub22","CellNoiseTextureNode","Mono node builds randomized grid cells via seeded Random","Jittered cell grid; produces cellular/voronoi-like texture"
"Class348_Sub40_Sub23","TurbulenceTextureNode","Mono node generates multi-parameter seeded random turbulence field","Many tunable amplitude/scale fields; Random-driven noise"
"Class348_Sub40_Sub24","GradientMapTextureNode","Mono node maps coordinate into banded gradient ranges","Range bounds arrays; blends modes via anInt9325"
"Class348_Sub40_Sub25","RadialTextureNode","Mono node computes squared-distance/iterated radial field per pixel","Circular/distance-based monochrome pattern"
"Class348_Sub40_Sub26","ColourKeyTextureNode","Colour node tints grey pixels, multiplies coloured pixels by RGB","Detects equal-channel pixels; replaces with constant tint else scales"
"Class348_Sub40_Sub27","BlendTextureNode","Colour node mixes two RGB inputs by mono mask","Mask input lerps between colour inputs 0 and 1 per pixel"
"Class348_Sub40_Sub28","ScatterTextureNode","Mono node scatters seeded random points/specks across output","Sparse value placement; count/size opcode params"
"Class348_Sub40_Sub29","TextureMapImageNode","Colour node samples loaded texture image into RGB channels","Loads material texture via Class286_Sub5; frame animation"
"Class348_Sub40_Sub30","HslAdjustTextureNode","Colour node converts RGB to HSL, shifts, converts back","Applies hue/sat/lum deltas per pixel"
"Class348_Sub40_Sub31","TileTextureNode","Colour node tiles/repeats child input across grid divisions","Horizontal/vertical repeat counts; samples child by modulo"
"Class348_Sub40_Sub32","InvertTextureNode","Inverts child pixels (4096 minus value) per channel","Colour and mono supported; flag selects output mode"
"Class348_Sub40_Sub33","WarpTextureNode","Distorts sampling coordinates (atan2 polar) then reads child","method3139 computes warped coords; mono and colour output"
"Class348_Sub40_Sub34","NormalMapTextureNode","Computes surface normals from neighbor sampling; sqrt-normalized RGB output","Subclass of Class348_Sub40; outputs color normal map with optional bias"
"Class348_Sub40_Sub35","DirectionalLightTextureNode","Bump-shades samples using light direction (yaw/pitch/intensity) via dot product","Class348_Sub40 monochrome node; sin/cos light vector"
"Class348_Sub40_Sub36","SineWaveTextureNode","Generates wave/ripple patterns from radial or linear distance with sine lookup","Class348_Sub40 monochrome node; linear/radial mode and waveform shaping"
"Class348_Sub40_Sub37","BoxBlurTextureNode","Two-pass box blur over horizontal/vertical kernel for mono and color","Class348_Sub40 node; separable sliding-window averaging"
"Class348_Sub40_Sub38","ClampTextureNode","Clamps each channel/sample between configurable min and max bounds","Class348_Sub40 node; mono and color clamp implementations"
"Class348_Sub40_Sub39","RenderListTextureNode","Composites a list of Class50 draw primitives into a buffer, splitting RGB","Class348_Sub40 node; static method3153 manages render queue"
"Class348_Sub40_Sub4","SourceRowTextureNode","Leaf node copying a precomputed gradient/source row into monochrome output","Class348_Sub40 node; fills via Class214 from source data array"
"Class348_Sub40_Sub5","VoronoiNoiseTextureNode","Seeded random feature points; nearest-distance cellular/Voronoi noise","Class348_Sub40 node; distance fields, jitter; cellular generator"
"Class348_Sub40_Sub6","DisplaceTextureNode","Displaces sampling coordinates by directional offset for distortion/warp","Class348_Sub40 node; defines shared row-width; samples displaced rows"
"Class348_Sub40_Sub7","FlipTextureNode","Mirrors/inverts sampling along axis with optional boolean flip flags","Class348_Sub40 color node; two booleans for flip and inversion"
"Class348_Sub40_Sub8","PerlinNoiseTextureNode","Layered fractal Perlin/turbulence noise from permutation tables and octaves","Class348_Sub40 node; octaves/amplitude/seed; byte permutation arrays"
"Class348_Sub40_Sub9","EdgeDetectTextureNode","Computes edge intensity from neighbor differences via gradient magnitude","Class348_Sub40 monochrome node; sqrt of squared deltas"
"Class348_Sub41","RegionSceneShifter","Static-heavy region/map loader shifting NPCs, players, projectiles on tile recenter","Extends Class348; mostly companion methods; manages scene coordinate updates"
"Class348_Sub42","HashLinkedListNode","Abstract doubly-linked list node base with prev/next pointers and long key","Extends Class348; aLong7057 key; unlink/has-prev helpers"
"Class348_Sub42_Sub1","ParamMap","Wraps Class356 hashtable of int/string parameters keyed by id","Subclass of Class348_Sub42; int (Class348_Sub35) and string (Class348_Sub50) values"
"Class348_Sub42_Sub10","ParameterizedText","Template text with embedded dynamic field substitutions formatted via Class355","Class348_Sub42 subclass; string segments plus param/enum arrays"
"Class348_Sub42_Sub11","CharCodeMap","Bidirectional char-to-code lookup tables for command/key shortcut translation","Class348_Sub42 subclass; char arrays paired with int code arrays"
"Class348_Sub42_Sub12","ContactEntry","Friend/contact record with names, world id, key longs, and status flags","Class348_Sub42 list node; aLong9600 used as server key"
"Class348_Sub42_Sub13","ContactList","Groups ContactEntry items in a Class107 list, deduped by sort comparison","Class348_Sub42 node holding Class107 of Sub12 entries; add/remove"
"Class348_Sub42_Sub14","InterfaceComponentGroup","UI component group holding Class262 of Class348_Sub18 sub-elements with bounds","Class348_Sub42 node; bounding box, hit-tests, draws children"
"Class348_Sub42_Sub15","TimedTileQueueEntry","Linked node keyed by packed tile coords with expiry timestamp","Class348_Sub42 subclass; aLong4291 packs x/y/plane; sets expiry, re-queues"
"Class348_Sub42_Sub16","AsyncResourceRequest","Abstract async data request exposing progress percent and resulting byte data","Abstract Class348_Sub42 subclass; abstract progress and bytes methods"
"Class348_Sub42_Sub16_Sub1","StreamingResourceRequest","Variant streaming bytes from a Class348_Sub49 buffer, progress from read offset","Concrete AsyncResourceRequest; throws until fully buffered"
"Class348_Sub42_Sub16_Sub2","CompletedResourceRequest","Variant holding a finished byte array with Class137; progress 0 or 100","Concrete AsyncResourceRequest; binary not incremental progress"
"Class348_Sub42_Sub17","TextureMaterialGroup","Lazy-loads byte archives, builds Class4 entries with Class348_Sub33 palettes","Holds aClass4Array; reads via Class348_Sub49 buffers; texture/material data"
"Class348_Sub42_Sub18","ParticleEmitterListNode","Wraps a Class318_Sub1_Sub3_Sub5 (particle/effect) as a list node","Sole instance field is the Class318_Sub1_Sub3_Sub5 reference"
"Class348_Sub42_Sub19","MinimapAreaMarkerNode","Holds area id/name, Class273, sprite arrays, palette indices for minimap region","Companion stamps region ids into map grid"
"Class348_Sub42_Sub2","RenderbufferObject","OpenGL renderbuffer wrapper; allocates via glGenRenderbuffersEXT, binds, attaches","Implements Interface9; holds ha_Sub2, width/height/format; finalize releases"
"Class348_Sub42_Sub20","SpriteRenderEntry","Wraps Class342 image plus Class174, caches dimensions/offsets for drawing","Instance: Class342, Class174, bounds; init computes via method2685"
"Class348_Sub42_Sub3","LoadingScreenImageNode","Holds raw image bytes; companion computes scaled loading-bar geometry","Sole instance field aByteArray9499; companion does progress-bar layout"
"Class348_Sub42_Sub4","ShortMatrixNode","Holds a 2D ShortArray and a Double scalar","Lightweight data-holder node returning matrix dimensions"
"Class348_Sub42_Sub5","ProceduralTextureGraph","Graph of Class348_Sub40 nodes generating RGBA pixel rows","Reads node graph from Class348_Sub49; produces IntArray pixel buffer"
"Class348_Sub42_Sub6","ChatScriptListNode","Wraps Class318_Sub1_Sub3_Sub4; companion parses pause/cutscene script strings","Sole instance field is the Class318_Sub1_Sub3_Sub4"
"Class348_Sub42_Sub7","ConfigShortValueNode","Reads a single unsigned-short config value via opcode loop","Instance field anInt9542 set from Class348_Sub49 opcode 2"
"Class348_Sub42_Sub8","CacheEntryReference","Abstract keyed cache node; subclasses return held object and soft/hard flag","Abstract method3193 (get) and method3195 (isSoft); base for Sub8_SubN"
"Class348_Sub42_Sub8_Sub1","SoftCacheEntryReference","Variant of Class348_Sub42_Sub8 storing value in a SoftReference","method3195 returns true (soft); get returns referent"
"Class348_Sub42_Sub8_Sub2","HardCacheEntryReference","Variant of Class348_Sub42_Sub8 holding a strong Any reference","method3195 returns false (not soft); get returns object"
"Class348_Sub42_Sub9","KeyedCacheEntryReference","Abstract cache node pairing an Interface14 callback with stored object","Abstract method3205 (get) and method3206 (isSoft); base for Sub9_SubN"
"Class348_Sub42_Sub9_Sub1","HardKeyedCacheEntryReference","Variant of Class348_Sub42_Sub9 holding strong object reference","method3206 returns false (not soft); get returns object"
"Class348_Sub42_Sub9_Sub2","SoftKeyedCacheEntryReference","Variant of Class348_Sub42_Sub9 storing object in a SoftReference","method3206 returns true (soft); get returns referent"
"Class348_Sub43","SpriteDefinition","Wide record of int dimensions plus Class23/Class348_Sub17/Sub16_Sub5/Sub19_Sub1 refs","method3299 nulls fields; def/resource record extending Class348"
"Class348_Sub44","PackedFlagsAccessor","Wraps two ints, exposing bit-packed boolean/int flag getters via shifts/masks","Instance anInt7098/anInt7093; extends Class348"
"Class348_Sub45","TimedRecordAccessor","Abstract accessor exposing four int getters and one long getter","Base for Sub45_SubN; extends Class348"
"Class348_Sub45_Sub1","TimedRecordAccessorA","Variant of Class348_Sub45 backed by four ints and a long field","Getters return stored fields"
"Class348_Sub45_Sub2","TimedRecordAccessorB","Variant of Class348_Sub45 with differently-ordered int/long backing fields","Getters map to its own fields"
"Class348_Sub46","StringValueNode","Holds a single String; companion provides file-output and Class369_Sub3 parsing","Sole instance field aString7111; extends Class348"
"Class348_Sub47","OutgoingPacketNode","Holds a Class348_Sub49_Sub2 buffer plus Class351; queued outbound packet","Companion flushes via ha; packet/buffer writer type"
"Class348_Sub48","ModelResourceBundle","Holds Class144 arrays, byte-array-array-array data and int index arrays","Aggregate model/sprite resource record; extends Class348"
"Class348_Sub49",ByteBuffer,"Byte-array packet buffer with position pointer and many endian read/write methods","Instance aByteArray7154 + position; packet/buffer reader-writer"
"Class348_Sub49_Sub1","FloatBuffer","Variant of Class348_Sub49 adding IEEE float read/write via floatToRawIntBits","method3399/3400 write little/big-endian floats"
"Class348_Sub49_Sub2","CipheredPacketBuffer","Reads bits/bytes from buffer with ISAAC cipher (Class77), bit access","Variant of Class348_Sub49 (Buffer); adds keyed read/bit-packing"
"Class348_Sub5","AbstractBloomEffect","Abstract GL/D3D bloom post-process; holds ha_Sub2, abstract render methods","Base for Class348_Sub5_Sub1; bound to ha_Sub2 device"
"Class348_Sub50","StringCacheNode","Class348 hashtable node holding a single String","Thin string-keyed cache entry extending Class348 node base"
"Class348_Sub51","DisplaySettingsConfig","Aggregates ~40 Class239_Sub* settings parsed from a buffer","Extends Class348 node; central graphics/options definition"
"Class348_Sub5_Sub1","GlBloomEffect","OpenGL bloom impl: FBOs, GLSL blur/threshold shaders, RTT","Concrete OpenGL variant of Class348_Sub5; uses Class206/Class258_Sub3"
"Class348_Sub6","HslColorTableNode","Instance holds two ints; static builds 65536-entry HSL-to-RGB palette","Extends Class348 node; static color ramp generation (unrelated to instance)"
"Class348_Sub7","RegionTileNode","Instance: 6 region/tile coord+flag fields","Extends Class348 node; positional/region cache entry"
"Class348_Sub8","FacingDirectionNode","Byte-array node; static computes entity facing angles via atan2","Extends Class348 node; helper for orienting entities"
"Class348_Sub9","CharacterRenderState","Instance: Player/Npc refs, anim/model fields, build state via method2781","Extends Class348 node; per-entity render/animation descriptor"
"Class349","FormantSynthFilter","Reads filter coeffs from buffer; computes IIR coefficients via cos/pow","Audio formant/envelope synthesis filter"
"Class35","SoundEngineInitializer","Static-only object; initializes audio devices/streams","Kotlin object; sound subsystem bootstrap"
"Class350","ModelTransformParams","Instance: scale/rotate/translate ints; copy and clone methods","Mutable transform/orientation parameter holder"
"Class351","FontMetaRef","Instance: two ints (id refs); toString throws","Lightweight id/handle pair; static font/name lookup helpers"
"Class352","RenderableEntry","Instance: Class324 + Class143 (drawable + font/def)","Static priority-queue insert"
"Class353","TextureMipDescriptor","Instance: dims, shorts, byte, bool flags; static GL mipmap build","Texture metadata + downscaling via glTexImage2D"
"Class354","TextureCache","Instance: ha_Sub2, d, Class60 LRU; loads/creates Class258_Sub3 textures","Per-device texture loader/cache from Class12 defs"
"Class355","CompiledScriptCache","Instance: Class60 cache, two Class45 archives, Interface15; loads Class348_Sub42_Sub10","Caches parsed clientscript objects keyed by id"
"Class356","Hashtable","Instance: Class348[] buckets, key, iteration cursors; get/put/remove","Chained hashtable of Class348 nodes"
"Class357","SceneCollisionEntry","Instance: many Class318_Sub1_Sub* scene-object refs + linked list","Per-tile bucket of scene entities (locs/grounditems)"
"Class358","ParticleGeometry","Instance: int arrays + float[][]; static draws via ha (3D)","Geometry/vertex data container; static render of quads"
"Class359","TextureAtlasState","Instance: ints + bool; static loads Class207 sprites/atlases","Holds atlas indices; static texture-pack readiness"
"Class36","AnimationFrameTable","Static object: int lookup array; sets dirty flag","Kotlin object; animation frame-index lookup table"
"Class360","Rectangle","Instance: four ints; copy constructor","Plain x/y/w/h bounds record with copy ctor"
"Class361","CollisionMap","Instance: int[][] flag grid; bitmask path/reachability tests","Tile collision/clipping flag map"
"Class362","Tooltip","Static object: rendering of bordered text box via ha","Kotlin object; draws hover/tooltip boxes"
"Class363","MapElementManager","Static object: manages Class243 arrays, minimap/loc icons","Kotlin object; rebuilds map-element/minimap collections"
"Class364","NamedIdRecord","Instance: String + int; toString throws","Id+name pair; static cache flush helper"
"Class365","RenderType","Instance: two names, two ints, long (id/world/rank)","Friends/clan member record"
"Class366","D3dVertexBuffer","Implements Interface5_Impl1; wraps IDirect3DVertexBuffer, lock/unlock/upload","Direct3D vertex buffer wrapper"
"Class367","AbstractRenderPass","Abstract; holds ha_Sub3 device; abstract begin/end/setup render methods","Base of render-pass/material-effect hierarchy (GL & D3D)"
"Class367_Sub1","NullRenderPass","All overrides empty/no-op","No-op variant of Class367; disabled effect pass"
"Class367_Sub10","GlShadowRenderPass","OpenGL shadow/depth pass: depth texture, stencil, blend setup","GL variant of Class367; shadow/ground-decal projection"
"Class367_Sub11","GlGroundShaderPass","OpenGL ARB program pass: lit/unlit ground shaders, local params","GL variant of Class367; underwater/ground vertex-program"
"Class367_Sub2","GlWaterRenderPass","OpenGL ARB program: transparent_water shader, animated params","GL variant of Class367; animated transparent-water"
"Class367_Sub3","BasicGlRenderPass","Thin GL pass toggling device state via ha_Sub3","GL variant of Class367; minimal blend/state-only"
"Class367_Sub4","GlCubemapLightPass","Builds 6-face cubemap specular/lighting tables via pow/sqrt","GL variant of Class367; per-face directional lighting"
"Class367_Sub5","D3dUnderwaterShaderPass","Direct3D: uw_ground/model lit/unlit vertex shaders","D3D variant of Class367; underwater vertex-shader effect"
"Class367_Sub6","D3dWaterShaderPass","Direct3D: transparent_water vertex shader, animated params","D3D variant of Class367; transparent-water vertex-shader"
"Class367_Sub7","D3dEnvMappedWaterPass","Extends Class367; D3D vertex/pixel shaders for environment-mapped water","Direct3D variant; Class367_Sub9 is OpenGL twin"
"Class367_Sub8","FixedFunctionWaterPass","Extends Class367; multitexture animated water via texture combiners","Fallback water effect with no shaders; uses Class269 textures"
"Class367_Sub9","GlEnvMappedWaterPass","Extends Class367; ARB GLSL shaders for environment-mapped water","OpenGL variant; mirrors Direct3D Class367_Sub7"
"Class368","LocConfigModelBuilder","Reads loc/object config opcodes, builds recolored Class64 models","Caches built models in Class319; handles retexture/recolor"
"Class369","WorldMapLabel","Implements Interface12; holds Class221/Class341 coords and label ints","Base for world-map element variants returning Class223 type"
"Class369_Sub1","WorldMapAreaLabel","Extends Class369; adds two ints, returns area Class223","Variant created via Class5.method179 from stream"
"Class369_Sub2","WorldMapTextLabel","Extends Class369; adds two ints, returns text Class223","Variant; companion loads Class45 archives per type"
"Class369_Sub3","WorldMapIconLabel","Extends Class369; six extra ints, returns icon Class223","Intermediate base for Class369_Sub3_Sub1"
"Class369_Sub3_Sub1","WorldMapPolygonIconLabel","Extends Class369_Sub3; adds one int, returns polygon Class223","Companion does line-clipping rasterization"
"Class37","ByteArrayPool","Object pool recycling sized byte arrays for reuse","Pure static utility; allocates/frees pooled buffers"
"Class370","VorbisCodebook","Decodes Vorbis codebook: Huffman tree plus VQ float vectors","Reads from bitstream Class348_Sub10; method3582 returns vector"
"Class371","CubemapTextureFactory","Holds four ints; companion builds Class258_Sub3_Sub1 textures","Tiny instance; static factory may differ from instance purpose"
"Class372","MaterialTextureCache","Caches Interface18_Impl3 textures loaded from d via Class60","Builds material/sprite textures using ha_Sub3"
"Class373","InputTracker","Abstract input state tracker; button/coord query methods","Base for AWT mouse-listener implementations Sub1/Sub2"
"Class373_Sub1","MouseWheelInputTracker","Extends Class373; AWT mouse, motion and wheel listener","Variant with wheel support; uses Class262 event queues"
"Class373_Sub2","MouseInputTracker","Extends Class373; AWT mouse and motion listener, no wheel","Variant without wheel; mirrors Class373_Sub1"
"Class374","BufferedFileReader","Reads bytes from a File via buffered DataInputStream","Pure static IO helper; no instance state"
"Class375","PlayerAppearanceUpdateDecoder","Static decoder reading player update mask blocks from stream","Object with caches; decodes Class348_Sub49_Sub2"
"Class376","RingBufferInputStream","Runnable thread filling a ring buffer from an InputStream","Producer/consumer async stream reader"
"Class377","GlRenderDevice","Extends ha_Sub3; full OpenGL rendering backend","Massive GL state implementation; mirrors Direct3D Class378"
"Class378","D3dRenderDevice","Extends ha_Sub3; Direct3D 9 rendering backend","Direct3D device wrapper; mirrors OpenGL Class377"
"Class38","WidgetTextConfig","Holds text/widget display fields; reads config opcodes","Companion handles console input editing and tile click queue"
"Class39","GlShaderObjectHandle","Wraps OpenGL shader-object handle long for Class377","finalize releases GL object via render device"
"Class4","NpcModelTransform","Parses NPC body-part recolor/transform shorts from stream","Builds short arrays of head/body part overrides"
"Class40","Bzip2DecoderState","Large buffer/array state for BZIP2 block decompression","Holds Huffman tables, MTF and run-length decode buffers"
"Class41","IntTriple","Holds three ints with copy constructor","Plain value tuple; no behavior"
"Class42","StructConfig","Holds struct/enum-like config with params map and sprites","Reads opcodes; resolves Class105 sprites and Class356 params"
"Class43","MinimapTileEntry","Holds Class348_Sub42_Sub10 and int array per tile","Companion handles minimap region drawing and cookie settings"
"Class44","MapSceneRenderer","Static helpers rendering map regions and minimap blending","Object utility; draws scene tiles"
"Class45","Js5Archive","JS5 cache archive accessor: groups, files, decompression","Decompresses/caches groups via Class314; name hashing"
"Class46","WidgetComponent","Large widget/interface component definition with many fields","Holds layout, sprites, scripts arrays for an interface element"
"Class47","NanoTimer","Abstract nanosecond clock; method446 returns nanos","Base for millis-based and System.nanoTime implementations"
"Class47_Sub1","MillisNanoTimer","Extends Class47; nanos from millis time times 1,000,000","Coarse timer variant"
"Class47_Sub2","SystemNanoTimer","Extends Class47; returns System.nanoTime directly","High-resolution timer variant"
"Class48","ColourAdjustment","Holds HSL plus brightness/scale colour tint fields","Copy/clone methods; companion handles login packet building"
"Class49","SpriteRenderable","Implements Interface4; draws Class105 sprite via index arrays","Wraps pixel/alpha arrays from Class105 sprite subclasses"
"Class5","WorldMapElement","Abstract; implements Interface1, draws label using Class369","Resolves Class45 archives and renders map text/icon"
"Class50","MinimapShapeDrawer","Abstract minimap drawer; three coordinate-transform draw methods","Base for triangle/line/polygon minimap shape variants"
"Class50_Sub1","MinimapSquareDrawer","Extends Class50; scaled square/diamond minimap draws","Variant applying 4 scale factors"
"Class50_Sub2","MinimapTriangleDrawer","Extends Class50; scaled triangle minimap draws","Variant with distinct draw delegates"
"Class50_Sub3","MinimapPolygonDrawer","Extends Class50; eight scale factors for complex shapes","Variant; companion holds color palette array"
"Class50_Sub4","MinimapLineDrawer","Extends Class50; four scale factors, line/marker draws","Variant; companion references Class47 timer"
"Class51","NpcConfig","Reads NPC config opcodes; builds animated recolored Class64 models","Holds combat level, models, transforms; caches via Class263"
"Class52","RsaVarbitHandler","Instance int field; implements Interface12 returning Class223 config handler","Companion holds RSA BigInteger 10001, Frame; tied to varp/setting refresh"
"Class53","D3dSwapChainWrapper","Wraps IDirect3DSwapChain plus two IDirect3DSurfaces; Present and release","Direct3D back-buffer presentation helper"
"Class54","FloorOverlayDefinition","Instance reads byte flags and four ints from buffer stream","Decoded from Class348_Sub49; flag bits for floor/overlay"
"Class55","OggMediaStream","Abstract; demuxes Ogg sync/page/packet into Theora/Vorbis/Kate substreams","abstract method516 supplies bytes; uses jagtheora"
"Class55_Sub1","OggCacheStream","Extends Class55; reads Ogg bytes from Class45 archive cache chunks","Variant of OggMediaStream sourcing from cache"
"Class56","ConnectionStateType","Instance holds two Class274 message texts and progress ints","Enum-like login/connection status states"
"Class57","MapSceneTile","Instance holds four coordinate ints","Lightweight tile/scene coordinate record"
"Class58","DirectionPath","Packs Class325 direction nibbles into a long and decodes them","Movement direction step queue encoded in a long"
"Class59","NoiseTextureGenerator","Abstract Perlin/gradient-noise builder with 512-entry permutation table","Subclasses emit pixel buffers"
"Class59_Sub1","GrayscaleNoiseTexture","Extends Class59; writes turbulence noise into ByteArray bitmap","Variant producing single-channel byte texture"
"Class59_Sub1_Sub1","ScrollingNoiseTexture","Extends Class59_Sub1; emits ByteArray with animated offset","Animated variant of GrayscaleNoiseTexture"
"Class59_Sub1_Sub2","StaticNoiseTexture","Extends Class59_Sub1; emits ByteArray via method562","Static variant; holds Class273/Class74 config"
"Class59_Sub2","RgbNoiseTexture","Extends Class59; accumulates noise into IntArray sized by octaves","Variant producing colored/int-packed noise texture"
"Class59_Sub2_Sub1","CachedRgbNoiseTexture","Extends Class59_Sub2; emits ByteArray using Class45 archive palette","Variant pulling data from cache"
"Class59_Sub2_Sub2","CompositeRgbNoiseTexture","Extends Class59_Sub2; emits ByteArray, holds Class356 lookup map","Variant combining/looking-up sub-textures"
"Class5_Sub1","ScrollbarComponent","Extends Class5; renders scrollbar from Class105 sprites and Class369_Sub3","Variant UI widget; draws thumb and track"
"Class5_Sub1_Sub1","ProportionalScrollbarComponent","Extends Class5_Sub1; overrides thumb sizing proportional to content","Variant where thumb length scales with content"
"Class5_Sub2","SolidFillComponent","Extends Class5; fills colored rectangles via ha toolkit and Class369_Sub2","Variant rendering plain color bars/fills"
"Class5_Sub3","SpriteComponent","Extends Class5; draws a single Class105 sprite via Class369_Sub1","Variant rendering an image/sprite widget"
"Class6","IdentKitRecolor","Instance record of shorts, bytes, ints, booleans for model recolor/retexture","Body/head identkit appearance entry"
"Class60","LruByteCache","Capacity and size ints, hashtable Class356, eviction list Class107","LRU/size-bounded cache of objects keyed by long"
"Class61","GlDisplayListFont","Wraps ha_Sub2; glGenLists/glNewList/glCallList per character glyph","OpenGL display-list glyph renderer"
"Class62","GameClock","Singleton object; currentTimeMillis with drift correction returns long","Also performance-tier detection and cache flush"
"Class63","SceneTileBounds","Instance holds three coordinate ints","Small tile/region bounds record"
"Class64","AbstractModel","Abstract 3D model: Class342 vertices, Class129 normals, rotate/render","Base of multi-backend model rendering hierarchy"
"Class64_Sub1","SoftwareModel","Extends Class64; holds ha_Sub1 backend and full geometry arrays","Variant for ha_Sub1 (software/scanline) renderer"
"Class64_Sub2","Direct3dModel","Extends Class64; holds ha_Sub3 backend and vertex/short buffers","Variant for ha_Sub3 (Direct3D) renderer"
"Class64_Sub3","OpenGlModel","Extends Class64; holds ha_Sub2 backend with heavy gl* calls","Variant for ha_Sub2 (OpenGL) renderer"
"Class65","WorldMapImageBuilder","Builds map images using Class60 cache, Class357 tiles, Class45 archives","Renders and caches world-map region pixel data"
"Class66","ChatCommandProcessor","Singleton; few huge methods parsing chat prefixes, widgets, caches","Core client chat/command dispatch and UI orchestrator"
"Class67","TooltipComponentRenderer","Implements Interface1; draws Class158 widget text via Class324","Loads font/sprite then renders a configured UI component"
"Class68","MovementDirection","Singleton with direction-step int-sequence constants","Enum-like; per-direction movement patterns"
"Class69","CollisionFlagQuery","Singleton; self-referencing constants with tile-flag boolean helpers","Pathfinding/collision flag lookup constants"
"Class70","TrigLookupTables","Singleton; builds 16384-entry fixed-point sin/cos tables","Used for rotation math across rendering"
"Class71","PlayerSequenceSelector","Selects walk/run/turn animation ids from Class225 onto entity","Chooses movement animation from direction deltas"
"Class72","HintArrowRenderer","Instance computes direction via atan2/asin and renders Class64 arrow model","3D hint/headicon arrow pointing at a world target"
"Class73","FileExistsCondition","Implements Interface7; checks Class45 archive for file, returns Class69","Condition predicate over cache file presence"
"Class74","RgbColorPalette","Instance built from two ints; companion holds 1024-entry color table","HSL/RGB palette/gradient lookup record"
"Class75","MapRegionLoader","Loads scene area data: Class243 terrain, Class51 objects, height arrays","World map region/scene loader and renderer"
"Class75_Sub1","ActiveMapRegion","Singleton extends Class75; links live scene tiles and object lists","Variant representing currently-loaded region with spawn linking"
"Class76","SceneObjectSpawner","Instance with Class243; adds and removes Class318_Sub4 scene objects","Manages dynamic scene object placement"
"Class77","IsaacCipher","Instance: 256-int memory/results, ISAAC mix rounds, golden-ratio init","ISAAC stream cipher RNG for packet obfuscation"
"Class78","BufferedRandomAccessFile","Instance holds read/write byte buffers, file position, Class234 file handle","Async-aware buffered file IO with prefetch/writeback"
"Class79","NpcType","Instance has names, models, transforms, combat ints, Class278 loader, decode","NPC definition/config; method794 resolves morphs"
"Class8","NpcAnimationResolver","Holds four anim ints; method214 selects NPC anim by stance/Npc","Companion picks animation IDs from Class79 against Class225"
"Class80","SynthSoundGenerator","Instance has Class197 oscillators/envelopes, produces PCM IntArray samples","Audio tone synthesizer using sin/pow waveforms"
"Class81","FogState","Static-only fog/blend int array and flag","Instance has no members; utility/state holder"
"Class82","ConfigArchiveLoader","Instance wraps Class45 archive plus entry count","Large static method812 handles cache/loading-screen logic"
"Class83","WaterTextureSet","Instance builds Class258 water/caustic textures from ha_Sub2 toolkit","Init creates GL textures or fallback sub3 texture arrays"
"Class84","MapSceneCache","Instance caches Class300 via Class60 LRU keyed by id from Class45","Synchronized loader producing Class305 region scene objects"
"Class85","WhirlpoolHash","Instance has block buffers and 8-long state, processes 512-bit blocks","Whirlpool digest: update and finalize"
"Class86","DrawListState","Static-only counters and float for draw/render bookkeeping","Instance has no members"
"Class87","WidgetCache","Instance caches Class17 widgets and Class348_Sub42_Sub17 in two Class60 LRUs","Loads widget defs from Class45 archive on miss"
"Class88",SceneNodeDeque,"Instance is circular doubly-linked list of Class318_Sub9 with sentinel head","Insert-head, size, clear, cursor iteration; embedded in Class98"
"Class89","NativeBufferHandle","Instance holds Class377 toolkit and long native pointer; finalize frees it","GL/native resource wrapper releasing aLong1510 on finalize"
"Class90","RegionMapDecoder","Instance decodes region map header and tile/landscape keys from stream","method853 parses region grid and queues map file loads"
"Class91","NpcUpdateProcessor","Static-only state; method856 processes NPC update packet block","Instance has no members; npc add/remove/sync from stream"
"Class92","NpcSpawnDecoder","Static-only buffers; method859 decodes region NPC spawns into Npc objects","Instance has no members; also vertex-buffer array for minimap"
"Class93","JagGlToolkitFactory","Static-only; method862 creates Class377 OpenGL toolkit from canvas","Instance has no members; native GL renderer factory"
"Class94","AnimationFrameState","Static-only anim/buffer state; resets long arrays per frame","Instance has no members"
"Class95","DirectionUtil","Static-only; method868 returns direction deltas from index","Instance has no members; holds Class114/Class221 caches"
"Class96","JagDxToolkitFactory","Static-only; method870 creates DirectX (jagdx) ha toolkit","Instance has no members; native DX renderer factory"
"Class97","TerrainChunkBuilder","Instance builds GPU vertex buffer (Interface5) of terrain tiles from s_Sub3","Hardware ground geometry chunk; uses ha_Sub3 and Class330"
"Class98","NodeDequeHolder","Instance wraps a Class88 NodeDeque field","Thin holder; static side has unrelated base64/lookup tables"
"Class99","SpriteBlitter","Static-only; method880 adds byte rows (sprite blend) and tooltip layout","Instance has no members; pixel/image row operations"
"Client","Client","Extends Applet_Sub1; main game client entry with init/run","Confirmed meaningful name; top-level applet"
"Exception_Sub1","ClientException","Subclass of Exception; thrown as client error type","Static side holds unrelated lookup tables/widget resolve"
"GameApplet","GameAppletContext","Interface: getParameter/getCodeBase/showDocument/destroy/pulse component","interface; abstracts applet host environment"
"IOException_Sub1","SoundConfigException","Subclass of IOException(message); thrown for IO errors","Static side has quicksort and audio config setup"
"InputStream_Sub1","NullInputStream","InputStream subclass; read() always returns -1 (blocks via timer)","Static side holds Whirlpool s-boxes and unrelated tables"
"InputStream_Sub2","NullInputStreamAlt","InputStream subclass; read() always returns -1","Static method128 is large map/object update packet parser"
"Interface1","Lifecycle","interface: method7/8/9 init/poll-bool/shutdown lifecycle hooks","interface; generic start/check/stop contract"
"Interface10","RenderTarget","interface: methods take/return ha toolkit and ints (bind/size/attach)","interface; renderer-bound resource with toolkit setters"
"Interface11","StagedInitializer","interface: six void int-keyed stage methods","interface; sequential setup/step callbacks"
"Interface12","ConfigTypeProvider","interface: method51 returns Class223","interface; single-method provider/factory"
"Interface13","Marker","interface: empty marker interface","interface; no methods"
"Interface14","KeyedComparable","interface: method52 returns Long key, method53 equality vs peer","interface; identity/key comparison contract"
"Interface15","TextFormatter","interface: method54 returns String from id/long/Class138/IntArray","interface; formats display string"
"Interface16","CursorController","interface: int getters/setters incl bool toggle","interface; stateful controllable component"
"Interface17","VarResolver","interface: method61/62 map ids to ints; used by Class79 morph lookup","interface; resolves varbit/varp values for transforms"
"Interface18","Renderable","interface: method63 draw, method64 takes Class209","interface; base render/submit contract"
"Interface18_Impl1","Renderable3dTexture","interface extending Interface18 with no extra methods","interface; marker subtype of Interface18 (3D texture)"
"Interface18_Impl2","RenderableCubeTexture","interface extending Interface18 with no extra methods","interface; marker subtype of Interface18 (cube texture)"
"Interface18_Impl3","Renderable2dTexture","interface extending Interface18 with pixel/float ops (method65-73)","interface; rich Renderable subtype; raster/scale/buffer methods"
"Interface19","Disposable","Single w(Boolean) method matches native resource disposal/cleanup pattern","interface; implemented by many native-id holders"
"Interface2","ByteBufferReader","Read bytes/int/long accessors over a byte source","interface"
"Interface20","AudioDeviceController","Init/load with Component, throws Exception, IntArray config","interface"
"Interface21","NamedConstraint","Empty marker interface implemented by Class273","interface; empty tag"
"Interface3","CameraMarker","Empty marker, implemented by Class105 camera base","interface; empty tag"
"Interface4","SpriteDrawTarget","Two parallel method14/15 with x,y,w,h,flags signatures","interface; implemented by wa"
"Interface5","SizedResource","Single method16(Boolean):Int size/length accessor","interface"
"Interface5_Impl1","VertexBufferResource","Extends SizedResource; Source/Buffer methods for memory I/O","interface; sub-variant of Interface5"
"Interface5_Impl2","IndexBufferResource","Extends SizedResource; Buffer plus Class68 accessor","interface; sub-variant of Interface5"
"Interface6","CharStreamReader","Char/int/long getters resembling text/buffer reader","interface"
"Interface7","ArchiveFileCondition","method31 size, method32 returns Class69 lookup by int","interface"
"Interface8","ByteArrayCodec","Read ByteArray with offsets plus int/long accessors","interface"
"Interface9","IndexedDisposable","Single method37(Int) trigger by index","interface"
"Loader","ClientLauncher","Panel/GameApplet bootstrap; builds JFrame, instantiates Client, RSA moduli","Applet launcher entry point with main()"
"Npc","Npc","Extends actor base Class318_Sub1_Sub3_Sub3; NPC render/anim methods","Shares actor base with Player"
"OutputStream_Sub1","FireParticleStream","OutputStream subclass animating fire/particle effect via sin/random","Variant of OutputStream; effect generator"
"OutputStream_Sub2","ChatMessageStream","OutputStream subclass building chat/npc text, Class105 ref","Variant of OutputStream; message builder"
"Player","Player","Extends actor base Class318_Sub1_Sub3_Sub3; appearance/name/combat fields","Shares actor base with Npc"
"RuntimeException_Sub1","TextureLoadException","RuntimeException wrapping throwable+msg; builds aa_Sub1 textures","Variant of RuntimeException; carries cause"
"a","NativeModelRenderer","Implements Disposable; nativeid plus many external draw methods over ha","Native render helper owned by oa, holds i refs"
"aa","Sprite","Abstract sprite/texture base; Class144, ARGB color helpers","Abstract base for aa_Sub*"
"aa_Sub1","NativeSprite","Built from ha_Sub2(OpenGL) bytes; holds Class258 image","Variant of Sprite; GL-backed"
"aa_Sub2","IndexedSprite","Sprite holding Interface18_Impl3 indexed/palette data","Variant of Sprite; indexed palette"
"aa_Sub3","RasterSprite","Sprite from two IntArrays (pixels+meta)","Variant of Sprite; raw raster"
"ba","NativeRenderTarget","Extends render-node r, implements Disposable, native id","Variant of r; native-backed"
"d","RenderConfig","Empty interface passed to ha backend constructors","interface; render backend config token"
"dxVertexLayout","Direct3dVertexDeclaration","Extends Class130, wraps IDirect3DVertexDeclaration from elements","DirectX vertex layout descriptor"
"h","NativeFontRenderer","Extends shader/program base Class324; native fa(char) glyph draw","Variant alongside n; font/glyph renderer"
"ha","Renderer","Abstract graphics backend taking RenderConfig d; canvas/rect state","Abstract base: software/GL/native subs"
"ha_Sub1","SoftwareRenderer","Extends Renderer; pure-Kotlin raster math, no native/GL","Variant of ha; software rasterizer"
"ha_Sub2","OpenGlRenderer","Extends Renderer; massive jaggl OpenGL import surface","Variant of ha; OpenGL backend"
"ha_Sub3","NativeRenderer","Extends Renderer; NativeHeap/NativeInterface jagex hw backend","Variant of ha; native(DirectX) backend"
"i","NativeModel","Extends Model Class64, Disposable; native vertex/face draw methods","Hardware model implementation"
"j","NativeCamera","Extends camera Class105, Disposable; native projection methods","Native camera/projection"
"ja","NativeMatrix","Extends transform-stack Class101, Disposable; native matrix ops","Native matrix/transform stack"
"n","NativeFontRendererAlt","Extends shader base Class324; native fa(char) glyph draw","Variant alongside h; font/glyph renderer"
"na","NativeSpriteRenderer","Extends Sprite aa, Disposable; native sprite draw via oa/ya","Native sprite wrapper"
"oa","NativeGraphicsContext","Extends Renderer ha, Disposable; central native draw context owning a/p","Native master context backend"
"p","NativeFrameBuffer","Extends Class348, Disposable; native canvas-sized surface","Native canvas/framebuffer surface"
"r","RenderNode","Abstract render-queue node extending linked-list Class348_Sub42","Abstract base for r_Sub*"
"r_Sub1","NativeRenderNode","RenderNode for native backend ha_Sub3 with byte buffer","Variant of r; native backend"
"r_Sub2","OpenGlRenderNode","RenderNode for OpenGL backend ha_Sub2 with byte buffer","Variant of r; GL backend"
"s","TerrainTile","Abstract terrain/heightmap tile holding IntArrayArray grid","Abstract base for s_Sub* and t"
"s_Sub1","SoftwareTerrainTile","Tile for software renderer ha_Sub1; float coords, Class102 grids","Variant of s; software"
"s_Sub2","OpenGlTerrainTile","Tile for OpenGL ha_Sub2; glMatrix calls, vertex grids","Variant of s; GL"
"s_Sub3","NativeTerrainTile","Tile for native ha_Sub3; Stream/Class262 native buffers","Variant of s; native"
"t","NativeContextTerrainTile","Tile extending s, Disposable; native draw via oa/ya","Variant of s; native context-backed"
"wa","NativeBillboardRenderer","Implements SpriteDrawTarget Interface4; native X/Z over oa,j,xa","Native billboard/decal drawer"
"xa","NativeTextureHandle","Implements Interface13+Disposable; nativeid texture object","Native texture/resource handle"
"ya","NativeTextureManager","Extends shader base za, Disposable; native texture setup over oa","Native texture/material manager"
"za","ShaderProgram","Abstract GL/shader program base extending Class348","Abstract base for za_Sub* and ya"
"za_Sub1","NativeShaderProgram","ShaderProgram holding NativeHeap, Class113 buffer","Variant of za; native heap-backed"
"za_Sub2","ArbVertexProgram","ShaderProgram with glGenProgramARB/glProgramRawARB ARB asm","Variant of za; ARB vertex program"
"Class348_Sub40_Sub2","DirectionalStripeTextureNode","Class348_Sub40 mono node; quadrant/direction-thresholded stripe pattern via shr-scaled coords","Monochrome variant; reads 3 opcode params; samples Class191 buffer"
"Class348_Sub40_Sub3","RangeThresholdTextureNode","Class348_Sub40 mono node; outputs 4096 if child value within [min,max] else 0","Monochrome variant; reads low/high range from buffer; thresholds child input"
"Class7","FullscreenDisplayController","Instance GraphicsDevice + saved DisplayMode; sets/restores fullscreen resolution","class; AWT GraphicsDevice fullscreen mode switch with refresh-rate matching"
"Class9","NativeLibraryState","object: loads jaclib/hw3d native libs (method215); holds ha renderer + config ints","object/singleton; native library availability check and global render state"
